time_ms,emg_value
1762907350843,2.0
1762907350844,0.0
1762907350845,0.0
1762907350846,0.0
1762907350847,7.0
1762907350848,0.0
1762907350849,1.0
1762907350850,6.0
1762907350851,0.0
1762907350852,5.0
1762907350853,4.0
1762907350854,4.0
1762907350855,0.0
1762907350856,0.0
1762907350857,3.0
1762907350858,4.0
1762907350859,0.0
1762907350860,2.0
1762907350861,0.0
1762907350862,8.0
1762907350863,4.0
1762907350864,5.0
1762907350865,0.0
1762907350866,3.0
1762907350867,4.0
1762907350868,4.0
1762907350869,6.0
1762907350870,3.0
1762907350871,11.0
1762907350872,11.0
1762907350873,9.0
1762907350874,0.0
1762907350875,0.0
1762907350876,3.0
1762907350877,10.0
1762907350878,0.0
1762907350879,0.0
1762907350880,0.0
1762907350881,2.0
1762907350882,0.0
1762907350883,0.0
1762907350884,0.0
1762907350885,0.0
1762907350886,4.0
1762907350887,1.0
1762907350888,0.0
1762907350889,3.0
1762907350890,0.0
1762907350891,0.0
1762907350892,0.0
1762907350893,0.0
1762907350894,0.0
1762907350895,0.0
1762907350896,5.0
1762907350897,0.0
1762907350898,0.0
1762907350899,6.0
1762907350900,7.0
1762907350901,0.0
1762907350902,0.0
1762907350903,0.0
1762907350904,0.0
1762907350905,3.0
1762907350906,2.0
1762907350907,3.0
1762907350908,6.0
1762907350909,1.0
1762907350910,3.0
1762907350911,3.0
1762907350912,0.0
1762907350913,0.0
1762907350914,0.0
1762907350915,0.0
1762907350916,0.0
1762907350917,0.0
1762907350918,0.0
1762907350919,0.0
1762907350920,5.0
1762907350921,9.0
1762907350922,5.0
1762907350923,0.0
1762907350924,2.0
1762907350925,0.0
1762907350926,1.0
1762907350927,0.0
1762907350928,0.0
1762907350929,3.0
1762907350930,2.0
1762907350931,0.0
1762907350932,0.0
1762907350933,0.0
1762907350934,0.0
1762907350935,7.0
1762907350936,1.0
1762907350937,0.0
1762907350938,0.0
1762907350939,6.0
1762907350940,14.0
1762907350941,0.0
1762907350942,8.0
1762907350943,5.0
1762907350944,3.0
1762907350945,0.0
1762907350946,6.0
1762907350947,0.0
1762907350948,3.0
1762907350949,18.0
1762907350950,16.0
1762907350951,24.0
1762907350952,31.0
1762907350953,37.0
1762907350954,16.0
1762907350955,33.0
1762907350956,46.0
1762907350957,92.0
1762907350958,97.0
1762907350959,122.0
1762907350960,128.0
1762907350961,128.0
1762907350962,80.0
1762907350963,107.0
1762907350964,221.0
1762907350965,198.0
1762907350966,160.0
1762907350967,253.0
1762907350968,298.0
1762907350969,265.0
1762907350970,181.0
1762907350971,100.0
1762907350972,59.0
1762907350973,59.0
1762907350974,27.0
1762907350975,22.0
1762907350976,17.0
1762907350977,10.0
1762907350978,9.0
1762907350979,19.0
1762907350980,11.0
1762907350981,10.0
1762907350982,10.0
1762907350983,0.0
1762907350984,6.0
1762907350985,0.0
1762907350986,16.0
1762907350987,2.0
1762907350988,5.0
1762907350989,0.0
1762907350990,0.0
1762907350991,0.0
1762907350992,3.0
1762907350993,0.0
1762907350994,6.0
1762907350995,0.0
1762907350996,8.0
1762907350997,0.0
1762907350998,0.0
1762907350999,0.0
1762907351000,0.0
1762907351001,0.0
1762907351002,0.0
1762907351003,10.0
1762907351004,0.0
1762907351005,7.0
1762907351006,0.0
1762907351007,12.0
1762907351008,0.0
1762907351009,0.0
1762907351010,2.0
1762907351011,6.0
1762907351012,15.0
1762907351013,6.0
1762907351014,0.0
1762907351015,4.0
1762907351016,5.0
1762907351017,0.0
1762907351018,0.0
1762907351019,6.0
1762907351020,0.0
1762907351021,5.0
1762907351022,3.0
1762907351023,2.0
1762907351024,0.0
1762907351025,5.0
1762907351026,5.0
1762907351027,0.0
1762907351028,0.0
1762907351029,10.0
1762907351030,0.0
1762907351031,0.0
1762907351032,0.0
1762907351033,5.0
1762907351034,0.0
1762907351035,0.0
1762907351036,0.0
1762907351037,0.0
1762907351038,7.0
1762907351039,1.0
1762907351040,13.0
1762907351041,5.0
1762907351042,0.0
1762907351043,3.0
1762907351044,4.0
1762907351045,0.0
1762907351046,0.0
1762907351047,6.0
1762907351048,6.0
1762907351049,0.0
1762907351050,0.0
1762907351051,2.0
1762907351052,0.0
1762907351053,3.0
1762907351054,7.0
1762907351055,0.0
1762907351056,0.0
1762907351057,0.0
1762907351058,6.0
1762907351059,0.0
1762907351060,0.0
1762907351061,7.0
1762907351062,5.0
1762907351063,1.0
1762907351064,0.0
1762907351065,0.0
1762907351066,3.0
1762907351067,0.0
1762907351068,5.0
1762907351069,0.0
1762907351070,0.0
1762907351071,10.0
1762907351072,0.0
1762907351073,0.0
1762907351074,0.0
1762907351075,0.0
1762907351076,1.0
1762907351077,0.0
1762907351078,0.0
1762907351079,1.0
1762907351080,0.0
1762907351081,0.0
1762907351082,0.0
1762907351083,0.0
1762907351084,6.0
1762907351085,10.0
1762907351086,0.0
1762907351087,0.0
1762907351088,0.0
1762907351089,0.0
1762907351090,1.0
1762907351091,6.0
1762907351092,4.0
1762907351093,178.0
1762907351094,226.0
1762907351095,99.0
1762907351096,87.0
1762907351097,26.0
1762907351098,23.0
1762907351099,8.0
1762907351100,0.0
1762907351101,8.0
1762907351102,1.0
1762907351103,0.0
1762907351104,0.0
1762907351105,9.0
1762907351106,7.0
1762907351107,0.0
1762907351108,12.0
1762907351109,4.0
1762907351110,0.0
1762907351111,5.0
1762907351112,1.0
1762907351113,6.0
1762907351114,0.0
1762907351115,0.0
1762907351116,5.0
1762907351117,0.0
1762907351118,1.0
1762907351119,1.0
1762907351120,0.0
1762907351121,0.0
1762907351122,7.0
1762907351123,0.0
1762907351124,9.0
1762907351125,0.0
1762907351126,1.0
1762907351127,0.0
1762907351128,0.0
1762907351129,0.0
1762907351130,0.0
1762907351131,0.0
1762907351132,0.0
1762907351133,0.0
1762907351134,6.0
1762907351135,0.0
1762907351136,0.0
1762907351137,0.0
1762907351138,0.0
1762907351139,4.0
1762907351140,11.0
1762907351141,0.0
1762907351142,6.0
1762907351143,5.0
1762907351144,4.0
1762907351145,1.0
1762907351146,0.0
1762907351147,7.0
1762907351148,0.0
1762907351149,0.0
1762907351150,0.0
1762907351151,11.0
1762907351152,3.0
1762907351153,0.0
1762907351154,4.0
1762907351155,4.0
1762907351156,6.0
1762907351157,0.0
1762907351158,0.0
1762907351159,0.0
1762907351160,0.0
1762907351161,0.0
1762907351162,1.0
1762907351163,0.0
1762907351164,1.0
1762907351165,0.0
1762907351166,1.0
1762907351167,6.0
1762907351168,0.0
1762907351169,2.0
1762907351170,0.0
1762907351171,0.0
1762907351172,6.0
1762907351173,2.0
1762907351174,0.0
1762907351175,0.0
1762907351176,7.0
1762907351177,0.0
1762907351178,0.0
1762907351179,0.0
1762907351180,0.0
1762907351181,6.0
1762907351182,0.0
1762907351183,0.0
1762907351184,0.0
1762907351185,11.0
1762907351186,10.0
1762907351187,0.0
1762907351188,2.0
1762907351189,7.0
1762907351190,3.0
1762907351191,0.0
1762907351192,1.0
1762907351193,0.0
1762907351194,2.0
1762907351195,0.0
1762907351196,0.0
1762907351197,0.0
1762907351198,2.0
1762907351199,0.0
1762907351200,2.0
1762907351201,1.0
1762907351202,0.0
1762907351203,0.0
1762907351204,0.0
1762907351205,0.0
1762907351206,0.0
1762907351207,3.0
1762907351208,5.0
1762907351209,3.0
1762907351210,5.0
1762907351211,0.0
1762907351212,0.0
1762907351213,5.0
1762907351214,0.0
1762907351215,4.0
1762907351216,7.0
1762907351217,0.0
1762907351218,0.0
1762907351219,0.0
1762907351220,0.0
1762907351221,1.0
1762907351222,0.0
1762907351223,2.0
1762907351224,0.0
1762907351225,9.0
1762907351226,1.0
1762907351227,8.0
1762907351228,1.0
1762907351229,0.0
1762907351230,0.0
1762907351231,0.0
1762907351232,5.0
1762907351233,0.0
1762907351234,0.0
1762907351235,0.0
1762907351236,4.0
1762907351237,0.0
1762907351238,0.0
1762907351239,9.0
1762907351240,8.0
1762907351241,0.0
1762907351242,1.0
1762907351243,8.0
1762907351244,0.0
1762907351245,0.0
1762907351246,0.0
1762907351247,0.0
1762907351248,0.0
1762907351249,0.0
1762907351250,0.0
1762907351251,0.0
1762907351252,0.0
1762907351253,0.0
1762907351254,5.0
1762907351255,6.0
1762907351256,3.0
1762907351257,4.0
1762907351258,0.0
1762907351259,1.0
1762907351260,0.0
1762907351261,0.0
1762907351262,0.0
1762907351263,0.0
1762907351264,2.0
1762907351265,0.0
1762907351266,6.0
1762907351267,0.0
1762907351268,0.0
1762907351269,2.0
1762907351270,3.0
1762907351271,1.0
1762907351272,0.0
1762907351273,0.0
1762907351274,0.0
1762907351275,3.0
1762907351276,0.0
1762907351277,0.0
1762907351278,7.0
1762907351279,8.0
1762907351280,0.0
1762907351281,4.0
1762907351282,3.0
1762907351283,0.0
1762907351284,0.0
1762907351285,0.0
1762907351286,0.0
1762907351287,0.0
1762907351288,0.0
1762907351289,0.0
1762907351290,0.0
1762907351291,0.0
1762907351292,0.0
1762907351293,1.0
1762907351294,6.0
1762907351295,0.0
1762907351296,0.0
1762907351297,0.0
1762907351298,4.0
1762907351299,0.0
1762907351300,3.0
1762907351301,0.0
1762907351302,0.0
1762907351303,1.0
1762907351304,2.0
1762907351305,6.0
1762907351306,0.0
1762907351307,2.0
1762907351308,0.0
1762907351309,0.0
1762907351310,0.0
1762907351311,3.0
1762907351312,0.0
1762907351313,3.0
1762907351314,2.0
1762907351315,2.0
1762907351316,0.0
1762907351317,7.0
1762907351318,27.0
1762907351319,105.0
1762907351320,80.0
1762907351321,112.0
1762907351322,344.0
1762907351323,230.0
1762907351324,315.0
1762907351325,359.0
1762907351326,576.0
1762907351327,448.0
1762907351328,528.0
1762907351329,358.0
1762907351330,230.0
1762907351331,185.0
1762907351332,130.0
1762907351333,109.0
1762907351334,107.0
1762907351335,125.0
1762907351336,87.0
1762907351337,65.0
1762907351338,57.0
1762907351339,45.0
1762907351340,42.0
1762907351341,359.0
1762907351342,234.0
1762907351343,112.0
1762907351344,80.0
1762907351345,67.0
1762907351346,36.0
1762907351347,310.0
1762907351348,229.0
1762907351349,169.0
1762907351350,118.0
1762907351351,102.0
1762907351352,58.0
1762907351353,42.0
1762907351354,31.0
1762907351355,24.0
1762907351356,18.0
1762907351357,0.0
1762907351358,0.0
1762907351359,0.0
1762907351360,2.0
1762907351361,68.0
1762907351362,42.0
1762907351363,27.0
1762907351364,16.0
1762907351365,17.0
1762907351366,7.0
1762907351367,19.0
1762907351368,18.0
1762907351369,16.0
1762907351370,15.0
1762907351371,0.0
1762907351372,1.0
1762907351373,0.0
1762907351374,7.0
1762907351375,5.0
1762907351376,3.0
1762907351377,10.0
1762907351378,0.0
1762907351379,0.0
1762907351380,7.0
1762907351381,0.0
1762907351382,0.0
1762907351383,0.0
1762907351384,0.0
1762907351385,0.0
1762907351386,0.0
1762907351387,0.0
1762907351388,0.0
1762907351389,2.0
1762907351390,0.0
1762907351391,2.0
1762907351392,7.0
1762907351393,1.0
1762907351394,0.0
1762907351395,0.0
1762907351396,0.0
1762907351397,0.0
1762907351398,0.0
1762907351399,14.0
1762907351400,0.0
1762907351401,2.0
1762907351402,0.0
1762907351403,1.0
1762907351404,0.0
1762907351405,8.0
1762907351406,0.0
1762907351407,0.0
1762907351408,0.0
1762907351409,3.0
1762907351410,0.0
1762907351411,10.0
1762907351412,1.0
1762907351413,0.0
1762907351414,0.0
1762907351415,0.0
1762907351416,0.0
1762907351417,4.0
1762907351418,4.0
1762907351419,0.0
1762907351420,2.0
1762907351421,6.0
1762907351422,3.0
1762907351423,6.0
1762907351424,0.0
1762907351425,4.0
1762907351426,9.0
1762907351427,0.0
1762907351428,0.0
1762907351429,2.0
1762907351430,0.0
1762907351431,0.0
1762907351432,3.0
1762907351433,5.0
1762907351434,0.0
1762907351435,6.0
1762907351436,4.0
1762907351437,0.0
1762907351438,5.0
1762907351439,7.0
1762907351440,8.0
1762907351441,0.0
1762907351442,0.0
1762907351443,2.0
1762907351444,0.0
1762907351445,0.0
1762907351446,1.0
1762907351447,2.0
1762907351448,0.0
1762907351449,0.0
1762907351450,8.0
1762907351451,3.0
1762907351452,1.0
1762907351453,0.0
1762907351454,2.0
1762907351455,0.0
1762907351456,7.0
1762907351457,0.0
1762907351458,0.0
1762907351459,0.0
1762907351460,13.0
1762907351461,2.0
1762907351462,6.0
1762907351463,0.0
1762907351464,0.0
1762907351465,0.0
1762907351466,0.0
1762907351467,0.0
1762907351468,7.0
1762907351469,0.0
1762907351470,0.0
1762907351471,3.0
1762907351472,0.0
1762907351473,0.0
1762907351474,1.0
1762907351475,2.0
1762907351476,2.0
1762907351477,6.0
1762907351478,3.0
1762907351479,0.0
1762907351480,0.0
1762907351481,0.0
1762907351482,1.0
1762907351483,3.0
1762907351484,0.0
1762907351485,0.0
1762907351486,0.0
1762907351487,0.0
1762907351488,0.0
1762907351489,0.0
1762907351490,2.0
1762907351491,1.0
1762907351492,0.0
1762907351493,0.0
1762907351494,0.0
1762907351495,2.0
1762907351496,0.0
1762907351497,0.0
1762907351498,0.0
1762907351499,0.0
1762907351500,2.0
1762907351501,0.0
1762907351502,0.0
1762907351503,0.0
1762907351504,10.0
1762907351505,5.0
1762907351506,0.0
1762907351507,0.0
1762907351508,0.0
1762907351509,3.0
1762907351510,0.0
1762907351511,0.0
1762907351512,4.0
1762907351513,0.0
1762907351514,1.0
1762907351515,7.0
1762907351516,0.0
1762907351517,6.0
1762907351518,5.0
1762907351519,0.0
1762907351520,0.0
1762907351521,6.0
1762907351522,0.0
1762907351523,6.0
1762907351524,3.0
1762907351525,3.0
1762907351526,0.0
1762907351527,9.0
1762907351528,5.0
1762907351529,3.0
1762907351530,0.0
1762907351531,3.0
1762907351532,0.0
1762907351533,0.0
1762907351534,4.0
1762907351535,0.0
1762907351536,0.0
1762907351537,0.0
1762907351538,0.0
1762907351539,0.0
1762907351540,0.0
1762907351541,0.0
1762907351542,1.0
1762907351543,0.0
1762907351544,1.0
1762907351545,9.0
1762907351546,1.0
1762907351547,6.0
1762907351548,0.0
1762907351549,6.0
1762907351550,0.0
1762907351551,0.0
1762907351552,4.0
1762907351553,7.0
1762907351554,0.0
1762907351555,0.0
1762907351556,0.0
1762907351557,0.0
1762907351558,5.0
1762907351559,0.0
1762907351560,0.0
1762907351561,4.0
1762907351562,1.0
1762907351563,1.0
1762907351564,0.0
1762907351565,0.0
1762907351566,0.0
1762907351567,0.0
1762907351568,6.0
1762907351569,0.0
1762907351570,0.0
1762907351571,1.0
1762907351572,0.0
1762907351573,0.0
1762907351574,0.0
1762907351575,0.0
1762907351576,3.0
1762907351577,0.0
1762907351578,0.0
1762907351579,0.0
1762907351580,6.0
1762907351581,5.0
1762907351582,0.0
1762907351583,3.0
1762907351584,0.0
1762907351585,0.0
1762907351586,4.0
1762907351587,3.0
1762907351588,0.0
1762907351589,0.0
1762907351590,0.0
1762907351591,0.0
1762907351592,2.0
1762907351593,0.0
1762907351594,1.0
1762907351595,0.0
1762907351596,0.0
1762907351597,10.0
1762907351598,0.0
1762907351599,3.0
1762907351600,0.0
1762907351601,0.0
1762907351602,0.0
1762907351603,0.0
1762907351604,6.0
1762907351605,7.0
1762907351606,3.0
1762907351607,0.0
1762907351608,3.0
1762907351609,0.0
1762907351610,1.0
1762907351611,2.0
1762907351612,0.0
1762907351613,2.0
1762907351614,6.0
1762907351615,0.0
1762907351616,0.0
1762907351617,0.0
1762907351618,0.0
1762907351619,2.0
1762907351620,0.0
1762907351621,0.0
1762907351622,3.0
1762907351623,0.0
1762907351624,0.0
1762907351625,3.0
1762907351626,0.0
1762907351627,5.0
1762907351628,4.0
1762907351629,0.0
1762907351630,0.0
1762907351631,6.0
1762907351632,6.0
1762907351633,0.0
1762907351634,0.0
1762907351635,2.0
1762907351636,0.0
1762907351637,0.0
1762907351638,2.0
1762907351639,2.0
1762907351640,1.0
1762907351641,0.0
1762907351642,1.0
1762907351643,0.0
1762907351644,4.0
1762907351645,10.0
1762907351646,10.0
1762907351647,0.0
1762907351648,0.0
1762907351649,5.0
1762907351650,0.0
1762907351651,0.0
1762907351652,0.0
1762907351653,0.0
1762907351654,4.0
1762907351655,0.0
1762907351656,3.0
1762907351657,1.0
1762907351658,0.0
1762907351659,0.0
1762907351660,0.0
1762907351661,0.0
1762907351662,0.0
1762907351663,2.0
1762907351664,0.0
1762907351665,0.0
1762907351666,0.0
1762907351667,0.0
1762907351668,0.0
1762907351669,0.0
1762907351670,0.0
1762907351671,3.0
1762907351672,0.0
1762907351673,0.0
1762907351674,0.0
1762907351675,0.0
1762907351676,0.0
1762907351677,1.0
1762907351678,0.0
1762907351679,0.0
1762907351680,0.0
1762907351681,0.0
1762907351682,10.0
1762907351683,0.0
1762907351684,0.0
1762907351685,0.0
1762907351686,0.0
1762907351687,0.0
1762907351688,0.0
1762907351689,0.0
1762907351690,3.0
1762907351691,2.0
1762907351692,6.0
1762907351693,0.0
1762907351694,0.0
1762907351695,0.0
1762907351696,0.0
1762907351697,2.0
1762907351698,0.0
1762907351699,0.0
1762907351700,0.0
1762907351701,0.0
1762907351702,0.0
1762907351703,0.0
1762907351704,8.0
1762907351705,1.0
1762907351706,3.0
1762907351707,2.0
1762907351708,0.0
1762907351709,0.0
1762907351710,0.0
1762907351711,5.0
1762907351712,5.0
1762907351713,0.0
1762907351714,0.0
1762907351715,0.0
1762907351716,0.0
1762907351717,0.0
1762907351718,0.0
1762907351719,0.0
1762907351720,0.0
1762907351721,0.0
1762907351722,0.0
1762907351723,0.0
1762907351724,6.0
1762907351725,0.0
1762907351726,5.0
1762907351727,3.0
1762907351728,0.0
1762907351729,9.0
1762907351730,0.0
1762907351731,0.0
1762907351732,0.0
1762907351733,0.0
1762907351734,2.0
1762907351735,3.0
1762907351736,3.0
1762907351737,0.0
1762907351738,0.0
1762907351739,0.0
1762907351740,0.0
1762907351741,5.0
1762907351742,0.0
1762907351743,6.0
1762907351744,4.0
1762907351745,0.0
1762907351746,0.0
1762907351747,0.0
1762907351748,3.0
1762907351749,4.0
1762907351750,0.0
1762907351751,0.0
1762907351752,0.0
1762907351753,0.0
1762907351754,1.0
1762907351755,0.0
1762907351756,0.0
1762907351757,2.0
1762907351758,1.0
1762907351759,0.0
1762907351760,0.0
1762907351761,0.0
1762907351762,0.0
1762907351763,0.0
1762907351764,2.0
1762907351765,3.0
1762907351766,0.0
1762907351767,1.0
1762907351768,0.0
1762907351769,0.0
1762907351770,0.0
1762907351771,6.0
1762907351772,4.0
1762907351773,2.0
1762907351774,2.0
1762907351775,6.0
1762907351776,2.0
1762907351777,0.0
1762907351778,3.0
1762907351779,0.0
1762907351780,0.0
1762907351781,0.0
1762907351782,4.0
1762907351783,0.0
1762907351784,0.0
1762907351785,3.0
1762907351786,4.0
1762907351787,0.0
1762907351788,1.0
1762907351789,0.0
1762907351790,0.0
1762907351791,0.0
1762907351792,4.0
1762907351793,0.0
1762907351794,0.0
1762907351795,0.0
1762907351796,0.0
1762907351797,0.0
1762907351798,0.0
1762907351799,0.0
1762907351800,11.0
1762907351801,11.0
1762907351802,0.0
1762907351803,0.0
1762907351804,0.0
1762907351805,5.0
1762907351806,0.0
1762907351807,0.0
1762907351808,0.0
1762907351809,0.0
1762907351810,0.0
1762907351811,3.0
1762907351812,2.0
1762907351813,0.0
1762907351814,0.0
1762907351815,2.0
1762907351816,0.0
1762907351817,0.0
1762907351818,0.0
1762907351819,3.0
1762907351820,10.0
1762907351821,0.0
1762907351822,0.0
1762907351823,0.0
1762907351824,0.0
1762907351825,0.0
1762907351826,0.0
1762907351827,0.0
1762907351828,0.0
1762907351829,0.0
1762907351830,3.0
1762907351831,6.0
1762907351832,0.0
1762907351833,0.0
1762907351834,6.0
1762907351835,0.0
1762907351836,11.0
1762907351837,5.0
1762907351838,1.0
1762907351839,0.0
1762907351840,0.0
1762907351841,0.0
1762907351842,1.0
1762907351843,0.0
1762907351844,0.0
1762907351845,0.0
1762907351846,0.0
1762907351847,0.0
1762907351848,1.0
1762907351849,0.0
1762907351850,0.0
1762907351851,0.0
1762907351852,0.0
1762907351853,0.0
1762907351854,7.0
1762907351855,1.0
1762907351856,0.0
1762907351857,1.0
1762907351858,0.0
1762907351859,0.0
1762907351860,0.0
1762907351861,0.0
1762907351862,0.0
1762907351863,0.0
1762907351864,0.0
1762907351865,0.0
1762907351866,0.0
1762907351867,0.0
1762907351868,0.0
1762907351869,1.0
1762907351870,0.0
1762907351871,0.0
1762907351872,0.0
1762907351873,1.0
1762907351874,0.0
1762907351875,1.0
1762907351876,0.0
1762907351877,1.0
1762907351878,0.0
1762907351879,0.0
1762907351880,0.0
1762907351881,0.0
1762907351882,0.0
1762907351883,0.0
1762907351884,0.0
1762907351885,1.0
1762907351886,7.0
1762907351887,0.0
1762907351888,0.0
1762907351889,0.0
1762907351890,4.0
1762907351891,3.0
1762907351892,0.0
1762907351893,0.0
1762907351894,0.0
1762907351895,0.0
1762907351896,0.0
1762907351897,0.0
1762907351898,1.0
1762907351899,2.0
1762907351900,0.0
1762907351901,0.0
1762907351902,0.0
1762907351903,5.0
1762907351904,0.0
1762907351905,0.0
1762907351906,2.0
1762907351907,3.0
1762907351908,0.0
1762907351909,3.0
1762907351910,3.0
1762907351911,0.0
1762907351912,10.0
1762907351913,0.0
1762907351914,0.0
1762907351915,0.0
1762907351916,0.0
1762907351917,0.0
1762907351918,0.0
1762907351919,5.0
1762907351920,0.0
1762907351921,6.0
1762907351922,9.0
1762907351923,3.0
1762907351924,0.0
1762907351925,0.0
1762907351926,2.0
1762907351927,0.0
1762907351928,0.0
1762907351929,2.0
1762907351930,3.0
1762907351931,0.0
1762907351932,0.0
1762907351933,1.0
1762907351934,0.0
1762907351935,1.0
1762907351936,0.0
1762907351937,4.0
1762907351938,0.0
1762907351939,2.0
1762907351940,3.0
1762907351941,0.0
1762907351942,0.0
1762907351943,0.0
1762907351944,3.0
1762907351945,0.0
1762907351946,0.0
1762907351947,0.0
1762907351948,1.0
1762907351949,0.0
1762907351950,0.0
1762907351951,5.0
1762907351952,0.0
1762907351953,3.0
1762907351954,0.0
1762907351955,0.0
1762907351956,0.0
1762907351957,0.0
1762907351958,6.0
1762907351959,0.0
1762907351960,8.0
1762907351961,6.0
1762907351962,0.0
1762907351963,3.0
1762907351964,0.0
1762907351965,0.0
1762907351966,10.0
1762907351967,0.0
1762907351968,9.0
1762907351969,3.0
1762907351970,0.0
1762907351971,0.0
1762907351972,0.0
1762907351973,0.0
1762907351974,4.0
1762907351975,0.0
1762907351976,1.0
1762907351977,5.0
1762907351978,4.0
1762907351979,0.0
1762907351980,0.0
1762907351981,2.0
1762907351982,7.0
1762907351983,0.0
1762907351984,0.0
1762907351985,0.0
1762907351986,0.0
1762907351987,2.0
1762907351988,0.0
1762907351989,0.0
1762907351990,3.0
1762907351991,0.0
1762907351992,0.0
1762907351993,6.0
1762907351994,1.0
1762907351995,0.0
1762907351996,0.0
1762907351997,0.0
1762907351998,0.0
1762907351999,0.0
1762907352000,3.0
1762907352001,5.0
1762907352002,0.0
1762907352003,0.0
1762907352004,13.0
1762907352005,0.0
1762907352006,0.0
1762907352007,0.0
1762907352008,8.0
1762907352009,3.0
1762907352010,0.0
1762907352011,0.0
1762907352012,16.0
1762907352013,43.0
1762907352014,94.0
1762907352015,128.0
1762907352016,304.0
1762907352017,506.0
1762907352018,407.0
1762907352019,315.0
1762907352020,273.0
1762907352021,386.0
1762907352022,435.0
1762907352023,480.0
1762907352024,489.0
1762907352025,510.0
1762907352026,361.0
1762907352027,348.0
1762907352028,636.0
1762907352029,592.0
1762907352030,535.0
1762907352031,544.0
1762907352032,715.0
1762907352033,464.0
1762907352034,507.0
1762907352035,484.0
1762907352036,999.0
1762907352037,859.0
1762907352038,656.0
1762907352039,1185.0
1762907352040,799.0
1762907352041,593.0
1762907352042,1213.0
1762907385155,2.0
1762907385156,0.0
1762907385157,0.0
1762907385158,0.0
1762907385159,7.0
1762907385160,0.0
1762907385161,1.0
1762907385162,6.0
1762907385163,0.0
1762907385164,5.0
1762907385165,4.0
1762907385166,4.0
1762907385167,0.0
1762907385168,0.0
1762907385169,3.0
1762907385170,4.0
1762907385171,0.0
1762907385172,2.0
1762907385173,0.0
1762907385174,8.0
1762907385175,4.0
1762907385176,5.0
1762907385177,0.0
1762907385178,3.0
1762907385179,4.0
1762907385180,4.0
1762907385181,6.0
1762907385182,3.0
1762907385183,11.0
1762907385184,11.0
1762907385185,9.0
1762907385186,0.0
1762907385187,0.0
1762907385188,3.0
1762907385189,10.0
1762907385190,0.0
1762907385191,0.0
1762907385192,0.0
1762907385193,2.0
1762907385194,0.0
1762907385195,0.0
1762907385196,0.0
1762907385197,0.0
1762907385198,4.0
1762907385199,1.0
1762907385200,0.0
1762907385201,3.0
1762907385202,0.0
1762907385203,0.0
1762907385204,0.0
1762907385205,0.0
1762907385206,0.0
1762907385207,0.0
1762907385208,5.0
1762907385209,0.0
1762907385210,0.0
1762907385211,6.0
1762907385212,7.0
1762907385213,0.0
1762907385214,0.0
1762907385215,0.0
1762907385216,0.0
1762907385217,3.0
1762907385218,2.0
1762907385219,3.0
1762907385220,6.0
1762907385221,1.0
1762907385222,3.0
1762907385223,3.0
1762907385224,0.0
1762907385225,0.0
1762907385226,0.0
1762907385227,0.0
1762907385228,0.0
1762907385229,0.0
1762907385230,0.0
1762907385231,0.0
1762907385232,5.0
1762907385233,9.0
1762907385234,5.0
1762907385235,0.0
1762907385236,2.0
1762907385237,0.0
1762907385238,1.0
1762907385239,0.0
1762907385240,0.0
1762907385241,3.0
1762907385242,2.0
1762907385243,0.0
1762907385244,0.0
1762907385245,0.0
1762907385246,0.0
1762907385247,7.0
1762907385248,1.0
1762907385249,0.0
1762907385250,0.0
1762907385251,6.0
1762907385252,14.0
1762907385253,0.0
1762907385254,8.0
1762907385255,5.0
1762907385256,3.0
1762907385257,0.0
1762907385258,6.0
1762907385259,0.0
1762907385260,3.0
1762907385261,18.0
1762907385262,16.0
1762907385263,24.0
1762907385264,31.0
1762907385265,37.0
1762907385266,16.0
1762907385267,33.0
1762907385268,46.0
1762907385269,92.0
1762907385270,97.0
1762907385271,122.0
1762907385272,128.0
1762907385273,128.0
1762907385274,80.0
1762907385275,107.0
1762907385276,221.0
1762907385277,198.0
1762907385278,160.0
1762907385279,253.0
1762907385280,298.0
1762907385281,265.0
1762907385282,181.0
1762907385283,100.0
1762907385284,59.0
1762907385285,59.0
1762907385286,27.0
1762907385287,22.0
1762907385288,17.0
1762907385289,10.0
1762907385290,9.0
1762907385291,19.0
1762907385292,11.0
1762907385293,10.0
1762907385294,10.0
1762907385295,0.0
1762907385296,6.0
1762907385297,0.0
1762907385298,16.0
1762907385299,2.0
1762907385300,5.0
1762907385301,0.0
1762907385302,0.0
1762907385303,0.0
1762907385304,3.0
1762907385305,0.0
1762907385306,6.0
1762907385307,0.0
1762907385308,8.0
1762907385309,0.0
1762907385310,0.0
1762907385311,0.0
1762907385312,0.0
1762907385313,0.0
1762907385314,0.0
1762907385315,10.0
1762907385316,0.0
1762907385317,7.0
1762907385318,0.0
1762907385319,12.0
1762907385320,0.0
1762907385321,0.0
1762907385322,2.0
1762907385323,6.0
1762907385324,15.0
1762907385325,6.0
1762907385326,0.0
1762907385327,4.0
1762907385328,5.0
1762907385329,0.0
1762907385330,0.0
1762907385331,6.0
1762907385332,0.0
1762907385333,5.0
1762907385334,3.0
1762907385335,2.0
1762907385336,0.0
1762907385337,5.0
1762907385338,5.0
1762907385339,0.0
1762907385340,0.0
1762907385341,10.0
1762907385342,0.0
1762907385343,0.0
1762907385344,0.0
1762907385345,5.0
1762907385346,0.0
1762907385347,0.0
1762907385348,0.0
1762907385349,0.0
1762907385350,7.0
1762907385351,1.0
1762907385352,13.0
1762907385353,5.0
1762907385354,0.0
1762907385355,3.0
1762907385356,4.0
1762907385357,0.0
1762907385358,0.0
1762907385359,6.0
1762907385360,6.0
1762907385361,0.0
1762907385362,0.0
1762907385363,2.0
1762907385364,0.0
1762907385365,3.0
1762907385366,7.0
1762907385367,0.0
1762907385368,0.0
1762907385369,0.0
1762907385370,6.0
1762907385371,0.0
1762907385372,0.0
1762907385373,7.0
1762907385374,5.0
1762907385375,1.0
1762907385376,0.0
1762907385377,0.0
1762907385378,3.0
1762907385379,0.0
1762907385380,5.0
1762907385381,0.0
1762907385382,0.0
1762907385383,10.0
1762907385384,0.0
1762907385385,0.0
1762907385386,0.0
1762907385387,0.0
1762907385388,1.0
1762907385389,0.0
1762907385390,0.0
1762907385391,1.0
1762907385392,0.0
1762907385393,0.0
1762907385394,0.0
1762907385395,0.0
1762907385396,6.0
1762907385397,10.0
1762907385398,0.0
1762907385399,0.0
1762907385400,0.0
1762907385401,0.0
1762907385402,1.0
1762907385403,6.0
1762907385404,4.0
1762907385405,178.0
1762907385406,226.0
1762907385407,99.0
1762907385408,87.0
1762907385409,26.0
1762907385410,23.0
1762907385411,8.0
1762907385412,0.0
1762907385413,8.0
1762907385414,1.0
1762907385415,0.0
1762907385416,0.0
1762907385417,9.0
1762907385418,7.0
1762907385419,0.0
1762907385420,12.0
1762907385421,4.0
1762907385422,0.0
1762907385423,5.0
1762907385424,1.0
1762907385425,6.0
1762907385426,0.0
1762907385427,0.0
1762907385428,5.0
1762907385429,0.0
1762907385430,1.0
1762907385431,1.0
1762907385432,0.0
1762907385433,0.0
1762907385434,7.0
1762907385435,0.0
1762907385436,9.0
1762907385437,0.0
1762907385438,1.0
1762907385439,0.0
1762907385440,0.0
1762907385441,0.0
1762907385442,0.0
1762907385443,0.0
1762907385444,0.0
1762907385445,0.0
1762907385446,6.0
1762907385447,0.0
1762907385448,0.0
1762907385449,0.0
1762907385450,0.0
1762907385451,4.0
1762907385452,11.0
1762907385453,0.0
1762907385454,6.0
1762907385455,5.0
1762907385456,4.0
1762907385457,1.0
1762907385458,0.0
1762907385459,7.0
1762907385460,0.0
1762907385461,0.0
1762907385462,0.0
1762907385463,11.0
1762907385464,3.0
1762907385465,0.0
1762907385466,4.0
1762907385467,4.0
1762907385468,6.0
1762907385469,0.0
1762907385470,0.0
1762907385471,0.0
1762907385472,0.0
1762907385473,0.0
1762907385474,1.0
1762907385475,0.0
1762907385476,1.0
1762907385477,0.0
1762907385478,1.0
1762907385479,6.0
1762907385480,0.0
1762907385481,2.0
1762907385482,0.0
1762907385483,0.0
1762907385484,6.0
1762907385485,2.0
1762907385486,0.0
1762907385487,0.0
1762907385488,7.0
1762907385489,0.0
1762907385490,0.0
1762907385491,0.0
1762907385492,0.0
1762907385493,6.0
1762907385494,0.0
1762907385495,0.0
1762907385496,0.0
1762907385497,11.0
1762907385498,10.0
1762907385499,0.0
1762907385500,2.0
1762907385501,7.0
1762907385502,3.0
1762907385503,0.0
1762907385504,1.0
1762907385505,0.0
1762907385506,2.0
1762907385507,0.0
1762907385508,0.0
1762907385509,0.0
1762907385510,2.0
1762907385511,0.0
1762907385512,2.0
1762907385513,1.0
1762907385514,0.0
1762907385515,0.0
1762907385516,0.0
1762907385517,0.0
1762907385518,0.0
1762907385519,3.0
1762907385520,5.0
1762907385521,3.0
1762907385522,5.0
1762907385523,0.0
1762907385524,0.0
1762907385525,5.0
1762907385526,0.0
1762907385527,4.0
1762907385528,7.0
1762907385529,0.0
1762907385530,0.0
1762907385531,0.0
1762907385532,0.0
1762907385533,1.0
1762907385534,0.0
1762907385535,2.0
1762907385536,0.0
1762907385537,9.0
1762907385538,1.0
1762907385539,8.0
1762907385540,1.0
1762907385541,0.0
1762907385542,0.0
1762907385543,0.0
1762907385544,5.0
1762907385545,0.0
1762907385546,0.0
1762907385547,0.0
1762907385548,4.0
1762907385549,0.0
1762907385550,0.0
1762907385551,9.0
1762907385552,8.0
1762907385553,0.0
1762907385554,1.0
1762907385555,8.0
1762907385556,0.0
1762907385557,0.0
1762907385558,0.0
1762907385559,0.0
1762907385560,0.0
1762907385561,0.0
1762907385562,0.0
1762907385563,0.0
1762907385564,0.0
1762907385565,0.0
1762907385566,5.0
1762907385567,6.0
1762907385568,3.0
1762907385569,4.0
1762907385570,0.0
1762907385571,1.0
1762907385572,0.0
1762907385573,0.0
1762907385574,0.0
1762907385575,0.0
1762907385576,2.0
1762907385577,0.0
1762907385578,6.0
1762907385579,0.0
1762907385580,0.0
1762907385581,2.0
1762907385582,3.0
1762907385583,1.0
1762907385584,0.0
1762907385585,0.0
1762907385586,0.0
1762907385587,3.0
1762907385588,0.0
1762907385589,0.0
1762907385590,7.0
1762907385591,8.0
1762907385592,0.0
1762907385593,4.0
1762907385594,3.0
1762907385595,0.0
1762907385596,0.0
1762907385597,0.0
1762907385598,0.0
1762907385599,0.0
1762907385600,0.0
1762907385601,0.0
1762907385602,0.0
1762907385603,0.0
1762907385604,0.0
1762907385605,1.0
1762907385606,6.0
1762907385607,0.0
1762907385608,0.0
1762907385609,0.0
1762907385610,4.0
1762907385611,0.0
1762907385612,3.0
1762907385613,0.0
1762907385614,0.0
1762907385615,1.0
1762907385616,2.0
1762907385617,6.0
1762907385618,0.0
1762907385619,2.0
1762907385620,0.0
1762907385621,0.0
1762907385622,0.0
1762907385623,3.0
1762907385624,0.0
1762907385625,3.0
1762907385626,2.0
1762907385627,2.0
1762907385628,0.0
1762907385629,7.0
1762907385630,27.0
1762907385631,105.0
1762907385632,80.0
1762907385633,112.0
1762907385634,344.0
1762907385635,230.0
1762907385636,315.0
1762907385637,359.0
1762907385638,576.0
1762907385639,448.0
1762907385640,528.0
1762907385641,358.0
1762907385642,230.0
1762907385643,185.0
1762907385644,130.0
1762907385645,109.0
1762907385646,107.0
1762907385647,125.0
1762907385648,87.0
1762907385649,65.0
1762907385650,57.0
1762907385651,45.0
1762907385652,42.0
1762907385653,359.0
1762907385654,234.0
1762907385655,112.0
1762907385656,80.0
1762907385657,67.0
1762907385658,36.0
1762907385659,310.0
1762907385660,229.0
1762907385661,169.0
1762907385662,118.0
1762907385663,102.0
1762907385664,58.0
1762907385665,42.0
1762907385666,31.0
1762907385667,24.0
1762907385668,18.0
1762907385669,0.0
1762907385670,0.0
1762907385671,0.0
1762907385672,2.0
1762907385673,68.0
1762907385674,42.0
1762907385675,27.0
1762907385676,16.0
1762907385677,17.0
1762907385678,7.0
1762907385679,19.0
1762907385680,18.0
1762907385681,16.0
1762907385682,15.0
1762907385683,0.0
1762907385684,1.0
1762907385685,0.0
1762907385686,7.0
1762907385687,5.0
1762907385688,3.0
1762907385689,10.0
1762907385690,0.0
1762907385691,0.0
1762907385692,7.0
1762907385693,0.0
1762907385694,0.0
1762907385695,0.0
1762907385696,0.0
1762907385697,0.0
1762907385698,0.0
1762907385699,0.0
1762907385700,0.0
1762907385701,2.0
1762907385702,0.0
1762907385703,2.0
1762907385704,7.0
1762907385705,1.0
1762907385706,0.0
1762907385707,0.0
1762907385708,0.0
1762907385709,0.0
1762907385710,0.0
1762907385711,14.0
1762907385712,0.0
1762907385713,2.0
1762907385714,0.0
1762907385715,1.0
1762907385716,0.0
1762907385717,8.0
1762907385718,0.0
1762907385719,0.0
1762907385720,0.0
1762907385721,3.0
1762907385722,0.0
1762907385723,10.0
1762907385724,1.0
1762907385725,0.0
1762907385726,0.0
1762907385727,0.0
1762907385728,0.0
1762907385729,4.0
1762907385730,4.0
1762907385731,0.0
1762907385732,2.0
1762907385733,6.0
1762907385734,3.0
1762907385735,6.0
1762907385736,0.0
1762907385737,4.0
1762907385738,9.0
1762907385739,0.0
1762907385740,0.0
1762907385741,2.0
1762907385742,0.0
1762907385743,0.0
1762907385744,3.0
1762907385745,5.0
1762907385746,0.0
1762907385747,6.0
1762907385748,4.0
1762907385749,0.0
1762907385750,5.0
1762907385751,7.0
1762907385752,8.0
1762907385753,0.0
1762907385754,0.0
1762907385755,2.0
1762907385756,0.0
1762907385757,0.0
1762907385758,1.0
1762907385759,2.0
1762907385760,0.0
1762907385761,0.0
1762907385762,8.0
1762907385763,3.0
1762907385764,1.0
1762907385765,0.0
1762907385766,2.0
1762907385767,0.0
1762907385768,7.0
1762907385769,0.0
1762907385770,0.0
1762907385771,0.0
1762907385772,13.0
1762907385773,2.0
1762907385774,6.0
1762907385775,0.0
1762907385776,0.0
1762907385777,0.0
1762907385778,0.0
1762907385779,0.0
1762907385780,7.0
1762907385781,0.0
1762907385782,0.0
1762907385783,3.0
1762907385784,0.0
1762907385785,0.0
1762907385786,1.0
1762907385787,2.0
1762907385788,2.0
1762907385789,6.0
1762907385790,3.0
1762907385791,0.0
1762907385792,0.0
1762907385793,0.0
1762907385794,1.0
1762907385795,3.0
1762907385796,0.0
1762907385797,0.0
1762907385798,0.0
1762907385799,0.0
1762907385800,0.0
1762907385801,0.0
1762907385802,2.0
1762907385803,1.0
1762907385804,0.0
1762907385805,0.0
1762907385806,0.0
1762907385807,2.0
1762907385808,0.0
1762907385809,0.0
1762907385810,0.0
1762907385811,0.0
1762907385812,2.0
1762907385813,0.0
1762907385814,0.0
1762907385815,0.0
1762907385816,10.0
1762907385817,5.0
1762907385818,0.0
1762907385819,0.0
1762907385820,0.0
1762907385821,3.0
1762907385822,0.0
1762907385823,0.0
1762907385824,4.0
1762907385825,0.0
1762907385826,1.0
1762907385827,7.0
1762907385828,0.0
1762907385829,6.0
1762907385830,5.0
1762907385831,0.0
1762907385832,0.0
1762907385833,6.0
1762907385834,0.0
1762907385835,6.0
1762907385836,3.0
1762907385837,3.0
1762907385838,0.0
1762907385839,9.0
1762907385840,5.0
1762907385841,3.0
1762907385842,0.0
1762907385843,3.0
1762907385844,0.0
1762907385845,0.0
1762907385846,4.0
1762907385847,0.0
1762907385848,0.0
1762907385849,0.0
1762907385850,0.0
1762907385851,0.0
1762907385852,0.0
1762907385853,0.0
1762907385854,1.0
1762907385855,0.0
1762907385856,1.0
1762907385857,9.0
1762907385858,1.0
1762907385859,6.0
1762907385860,0.0
1762907385861,6.0
1762907385862,0.0
1762907385863,0.0
1762907385864,4.0
1762907385865,7.0
1762907385866,0.0
1762907385867,0.0
1762907385868,0.0
1762907385869,0.0
1762907385870,5.0
1762907385871,0.0
1762907385872,0.0
1762907385873,4.0
1762907385874,1.0
1762907385875,1.0
1762907385876,0.0
1762907385877,0.0
1762907385878,0.0
1762907385879,0.0
1762907385880,6.0
1762907385881,0.0
1762907385882,0.0
1762907385883,1.0
1762907385884,0.0
1762907385885,0.0
1762907385886,0.0
1762907385887,0.0
1762907385888,3.0
1762907385889,0.0
1762907385890,0.0
1762907385891,0.0
1762907385892,6.0
1762907385893,5.0
1762907385894,0.0
1762907385895,3.0
1762907385896,0.0
1762907385897,0.0
1762907385898,4.0
1762907385899,3.0
1762907385900,0.0
1762907385901,0.0
1762907385902,0.0
1762907385903,0.0
1762907385904,2.0
1762907385905,0.0
1762907385906,1.0
1762907385907,0.0
1762907385908,0.0
1762907385909,10.0
1762907385910,0.0
1762907385911,3.0
1762907385912,0.0
1762907385913,0.0
1762907385914,0.0
1762907385915,0.0
1762907385916,6.0
1762907385917,7.0
1762907385918,3.0
1762907385919,0.0
1762907385920,3.0
1762907385921,0.0
1762907385922,1.0
1762907385923,2.0
1762907385924,0.0
1762907385925,2.0
1762907385926,6.0
1762907385927,0.0
1762907385928,0.0
1762907385929,0.0
1762907385930,0.0
1762907385931,2.0
1762907385932,0.0
1762907385933,0.0
1762907385934,3.0
1762907385935,0.0
1762907385936,0.0
1762907385937,3.0
1762907385938,0.0
1762907385939,5.0
1762907385940,4.0
1762907385941,0.0
1762907385942,0.0
1762907385943,6.0
1762907385944,6.0
1762907385945,0.0
1762907385946,0.0
1762907385947,2.0
1762907385948,0.0
1762907385949,0.0
1762907385950,2.0
1762907385951,2.0
1762907385952,1.0
1762907385953,0.0
1762907385954,1.0
1762907385955,0.0
1762907385956,4.0
1762907385957,10.0
1762907385958,10.0
1762907385959,0.0
1762907385960,0.0
1762907385961,5.0
1762907385962,0.0
1762907385963,0.0
1762907385964,0.0
1762907385965,0.0
1762907385966,4.0
1762907385967,0.0
1762907385968,3.0
1762907385969,1.0
1762907385970,0.0
1762907385971,0.0
1762907385972,0.0
1762907385973,0.0
1762907385974,0.0
1762907385975,2.0
1762907385976,0.0
1762907385977,0.0
1762907385978,0.0
1762907385979,0.0
1762907385980,0.0
1762907385981,0.0
1762907385982,0.0
1762907385983,3.0
1762907385984,0.0
1762907385985,0.0
1762907385986,0.0
1762907385987,0.0
1762907385988,0.0
1762907385989,1.0
1762907385990,0.0
1762907385991,0.0
1762907385992,0.0
1762907385993,0.0
1762907385994,10.0
1762907385995,0.0
1762907385996,0.0
1762907385997,0.0
1762907385998,0.0
1762907385999,0.0
1762907386000,0.0
1762907386001,0.0
1762907386002,3.0
1762907386003,2.0
1762907386004,6.0
1762907386005,0.0
1762907386006,0.0
1762907386007,0.0
1762907386008,0.0
1762907386009,2.0
1762907386010,0.0
1762907386011,0.0
1762907386012,0.0
1762907386013,0.0
1762907386014,0.0
1762907386015,0.0
1762907386016,8.0
1762907386017,1.0
1762907386018,3.0
1762907386019,2.0
1762907386020,0.0
1762907386021,0.0
1762907386022,0.0
1762907386023,5.0
1762907386024,5.0
1762907386025,0.0
1762907386026,0.0
1762907386027,0.0
1762907386028,0.0
1762907386029,0.0
1762907386030,0.0
1762907386031,0.0
1762907386032,0.0
1762907386033,0.0
1762907386034,0.0
1762907386035,0.0
1762907386036,6.0
1762907386037,0.0
1762907386038,5.0
1762907386039,3.0
1762907386040,0.0
1762907386041,9.0
1762907386042,0.0
1762907386043,0.0
1762907386044,0.0
1762907386045,0.0
1762907386046,2.0
1762907386047,3.0
1762907386048,3.0
1762907386049,0.0
1762907386050,0.0
1762907386051,0.0
1762907386052,0.0
1762907386053,5.0
1762907386054,0.0
1762907386055,6.0
1762907386056,4.0
1762907386057,0.0
1762907386058,0.0
1762907386059,0.0
1762907386060,3.0
1762907386061,4.0
1762907386062,0.0
1762907386063,0.0
1762907386064,0.0
1762907386065,0.0
1762907386066,1.0
1762907386067,0.0
1762907386068,0.0
1762907386069,2.0
1762907386070,1.0
1762907386071,0.0
1762907386072,0.0
1762907386073,0.0
1762907386074,0.0
1762907386075,0.0
1762907386076,2.0
1762907386077,3.0
1762907386078,0.0
1762907386079,1.0
1762907386080,0.0
1762907386081,0.0
1762907386082,0.0
1762907386083,6.0
1762907386084,4.0
1762907386085,2.0
1762907386086,2.0
1762907386087,6.0
1762907386088,2.0
1762907386089,0.0
1762907386090,3.0
1762907386091,0.0
1762907386092,0.0
1762907386093,0.0
1762907386094,4.0
1762907386095,0.0
1762907386096,0.0
1762907386097,3.0
1762907386098,4.0
1762907386099,0.0
1762907386100,1.0
1762907386101,0.0
1762907386102,0.0
1762907386103,0.0
1762907386104,4.0
1762907386105,0.0
1762907386106,0.0
1762907386107,0.0
1762907386108,0.0
1762907386109,0.0
1762907386110,0.0
1762907386111,0.0
1762907386112,11.0
1762907386113,11.0
1762907386114,0.0
1762907386115,0.0
1762907386116,0.0
1762907386117,5.0
1762907386118,0.0
1762907386119,0.0
1762907386120,0.0
1762907386121,0.0
1762907386122,0.0
1762907386123,3.0
1762907386124,2.0
1762907386125,0.0
1762907386126,0.0
1762907386127,2.0
1762907386128,0.0
1762907386129,0.0
1762907386130,0.0
1762907386131,3.0
1762907386132,10.0
1762907386133,0.0
1762907386134,0.0
1762907386135,0.0
1762907386136,0.0
1762907386137,0.0
1762907386138,0.0
1762907386139,0.0
1762907386140,0.0
1762907386141,0.0
1762907386142,3.0
1762907386143,6.0
1762907386144,0.0
1762907386145,0.0
1762907386146,6.0
1762907386147,0.0
1762907386148,11.0
1762907386149,5.0
1762907386150,1.0
1762907386151,0.0
1762907386152,0.0
1762907386153,0.0
1762907386154,1.0
1762907386155,0.0
1762907386156,0.0
1762907386157,0.0
1762907386158,0.0
1762907386159,0.0
1762907386160,1.0
1762907386161,0.0
1762907386162,0.0
1762907386163,0.0
1762907386164,0.0
1762907386165,0.0
1762907386166,7.0
1762907386167,1.0
1762907386168,0.0
1762907386169,1.0
1762907386170,0.0
1762907386171,0.0
1762907386172,0.0
1762907386173,0.0
1762907386174,0.0
1762907386175,0.0
1762907386176,0.0
1762907386177,0.0
1762907386178,0.0
1762907386179,0.0
1762907386180,0.0
1762907386181,1.0
1762907386182,0.0
1762907386183,0.0
1762907386184,0.0
1762907386185,1.0
1762907386186,0.0
1762907386187,1.0
1762907386188,0.0
1762907386189,1.0
1762907386190,0.0
1762907386191,0.0
1762907386192,0.0
1762907386193,0.0
1762907386194,0.0
1762907386195,0.0
1762907386196,0.0
1762907386197,1.0
1762907386198,7.0
1762907386199,0.0
1762907386200,0.0
1762907386201,0.0
1762907386202,4.0
1762907386203,3.0
1762907386204,0.0
1762907386205,0.0
1762907386206,0.0
1762907386207,0.0
1762907386208,0.0
1762907386209,0.0
1762907386210,1.0
1762907386211,2.0
1762907386212,0.0
1762907386213,0.0
1762907386214,0.0
1762907386215,5.0
1762907386216,0.0
1762907386217,0.0
1762907386218,2.0
1762907386219,3.0
1762907386220,0.0
1762907386221,3.0
1762907386222,3.0
1762907386223,0.0
1762907386224,10.0
1762907386225,0.0
1762907386226,0.0
1762907386227,0.0
1762907386228,0.0
1762907386229,0.0
1762907386230,0.0
1762907386231,5.0
1762907386232,0.0
1762907386233,6.0
1762907386234,9.0
1762907386235,3.0
1762907386236,0.0
1762907386237,0.0
1762907386238,2.0
1762907386239,0.0
1762907386240,0.0
1762907386241,2.0
1762907386242,3.0
1762907386243,0.0
1762907386244,0.0
1762907386245,1.0
1762907386246,0.0
1762907386247,1.0
1762907386248,0.0
1762907386249,4.0
1762907386250,0.0
1762907386251,2.0
1762907386252,3.0
1762907386253,0.0
1762907386254,0.0
1762907386255,0.0
1762907386256,3.0
1762907386257,0.0
1762907386258,0.0
1762907386259,0.0
1762907386260,1.0
1762907386261,0.0
1762907386262,0.0
1762907386263,5.0
1762907386264,0.0
1762907386265,3.0
1762907386266,0.0
1762907386267,0.0
1762907386268,0.0
1762907386269,0.0
1762907386270,6.0
1762907386271,0.0
1762907386272,8.0
1762907386273,6.0
1762907386274,0.0
1762907386275,3.0
1762907386276,0.0
1762907386277,0.0
1762907386278,10.0
1762907386279,0.0
1762907386280,9.0
1762907386281,3.0
1762907386282,0.0
1762907386283,0.0
1762907386284,0.0
1762907386285,0.0
1762907386286,4.0
1762907386287,0.0
1762907386288,1.0
1762907386289,5.0
1762907386290,4.0
1762907386291,0.0
1762907386292,0.0
1762907386293,2.0
1762907386294,7.0
1762907386295,0.0
1762907386296,0.0
1762907386297,0.0
1762907386298,0.0
1762907386299,2.0
1762907386300,0.0
1762907386301,0.0
1762907386302,3.0
1762907386303,0.0
1762907386304,0.0
1762907386305,6.0
1762907386306,1.0
1762907386307,0.0
1762907386308,0.0
1762907386309,0.0
1762907386310,0.0
1762907386311,0.0
1762907386312,3.0
1762907386313,5.0
1762907386314,0.0
1762907386315,0.0
1762907386316,13.0
1762907386317,0.0
1762907386318,0.0
1762907386319,0.0
1762907386320,8.0
1762907386321,3.0
1762907386322,0.0
1762907386323,0.0
1762907386324,16.0
1762907386325,43.0
1762907386326,94.0
1762907386327,128.0
1762907386328,304.0
1762907386329,506.0
1762907386330,407.0
1762907386331,315.0
1762907386332,273.0
1762907386333,386.0
1762907386334,435.0
1762907386335,480.0
1762907386336,489.0
1762907386337,510.0
1762907386338,361.0
1762907386339,348.0
1762907386340,636.0
1762907386341,592.0
1762907386342,535.0
1762907386343,544.0
1762907386344,715.0
1762907386345,464.0
1762907386346,507.0
1762907386347,484.0
1762907386348,999.0
1762907386349,859.0
1762907386350,656.0
1762907386351,1185.0
1762907386352,799.0
1762907386353,593.0
1762907386354,1213.0
1762907407930,1020.0
1762907407931,1130.0
1762907407932,592.0
1762907407933,449.0
1762907407934,126.0
1762907407935,43.0
1762907407936,17.0
1762907407937,48.0
1762907407938,607.0
1762907407939,750.0
1762907407940,484.0
1762907407941,429.0
1762907407942,140.0
1762907407943,123.0
1762907407944,0.0
1762907407945,0.0
1762907407946,0.0
1762907407947,0.0
1762907407948,9.0
1762907407949,4.0
1762907407950,0.0
1762907407951,4.0
1762907407952,8.0
1762907407953,1.0
1762907407954,0.0
1762907407955,1.0
1762907407956,7.0
1762907407957,0.0
1762907407958,8.0
1762907407959,6.0
1762907407960,0.0
1762907407961,0.0
1762907407962,0.0
1762907407963,3.0
1762907407964,5.0
1762907407965,3.0
1762907407966,0.0
1762907407967,1.0
1762907407968,10.0
1762907407969,9.0
1762907407970,0.0
1762907407971,0.0
1762907407972,2.0
1762907407973,0.0
1762907407974,3.0
1762907407975,0.0
1762907407976,10.0
1762907407977,1.0
1762907407978,3.0
1762907407979,0.0
1762907407980,0.0
1762907407981,1.0
1762907407982,0.0
1762907407983,0.0
1762907407984,0.0
1762907407985,0.0
1762907407986,0.0
1762907407987,0.0
1762907407988,2.0
1762907407989,0.0
1762907407990,10.0
1762907407991,0.0
1762907407992,0.0
1762907407993,4.0
1762907407994,0.0
1762907407995,8.0
1762907407996,0.0
1762907407997,10.0
1762907407998,6.0
1762907407999,0.0
1762907408000,0.0
1762907408001,0.0
1762907408002,0.0
1762907408003,0.0
1762907408004,3.0
1762907408005,4.0
1762907408006,5.0
1762907408007,0.0
1762907408008,5.0
1762907408009,0.0
1762907408010,1.0
1762907408011,0.0
1762907408012,0.0
1762907408013,6.0
1762907408014,0.0
1762907408015,2.0
1762907408016,4.0
1762907408017,0.0
1762907408018,0.0
1762907408019,0.0
1762907408020,0.0
1762907408021,1.0
1762907408022,3.0
1762907408023,6.0
1762907408024,0.0
1762907408025,0.0
1762907408026,0.0
1762907408027,0.0
1762907408028,0.0
1762907408029,0.0
1762907408030,6.0
1762907408031,5.0
1762907408032,3.0
1762907408033,0.0
1762907408034,0.0
1762907408035,0.0
1762907408036,0.0
1762907408037,7.0
1762907408038,0.0
1762907408039,4.0
1762907408040,0.0
1762907408041,0.0
1762907408042,0.0
1762907408043,0.0
1762907408044,10.0
1762907408045,0.0
1762907408046,0.0
1762907408047,0.0
1762907408048,0.0
1762907408049,9.0
1762907408050,0.0
1762907408051,0.0
1762907408052,3.0
1762907408053,7.0
1762907408054,0.0
1762907408055,0.0
1762907408056,0.0
1762907408057,5.0
1762907408058,1.0
1762907408059,0.0
1762907408060,9.0
1762907408061,2.0
1762907408062,6.0
1762907408063,3.0
1762907408064,0.0
1762907408065,2.0
1762907408066,0.0
1762907408067,0.0
1762907408068,0.0
1762907408069,0.0
1762907408070,0.0
1762907408071,0.0
1762907408072,3.0
1762907408073,0.0
1762907408074,0.0
1762907408075,7.0
1762907408076,0.0
1762907408077,0.0
1762907408078,0.0
1762907408079,0.0
1762907408080,0.0
1762907408081,3.0
1762907408082,0.0
1762907408083,10.0
1762907408084,2.0
1762907408085,0.0
1762907408086,0.0
1762907408087,4.0
1762907408088,0.0
1762907408089,2.0
1762907408090,0.0
1762907408091,4.0
1762907408092,10.0
1762907408093,4.0
1762907408094,10.0
1762907408095,5.0
1762907408096,3.0
1762907408097,2.0
1762907408098,3.0
1762907408099,5.0
1762907408100,0.0
1762907408101,0.0
1762907408102,0.0
1762907408103,0.0
1762907408104,1.0
1762907408105,0.0
1762907408106,1.0
1762907408107,0.0
1762907408108,4.0
1762907408109,1.0
1762907408110,2.0
1762907408111,0.0
1762907408112,0.0
1762907408113,0.0
1762907408114,0.0
1762907408115,1.0
1762907408116,0.0
1762907408117,0.0
1762907408118,5.0
1762907408119,3.0
1762907408120,0.0
1762907408121,0.0
1762907408122,5.0
1762907408123,6.0
1762907408124,10.0
1762907408125,6.0
1762907408126,0.0
1762907408127,80.0
1762907408128,53.0
1762907408129,63.0
1762907408130,70.0
1762907408131,132.0
1762907408132,305.0
1762907408133,450.0
1762907408134,723.0
1762907408135,597.0
1762907408136,1530.0
1762907408137,1159.0
1762907408138,827.0
1762907408139,871.0
1762907408140,752.0
1762907408141,975.0
1762907408142,704.0
1762907408143,773.0
1762907408144,714.0
1762907408145,560.0
1762907408146,747.0
1762907408147,668.0
1762907408148,719.0
1762907408149,975.0
1762907408150,8.0
1762907408151,822.0
1762907408152,789.0
1762907408153,561.0
1762907408154,825.0
1762907408155,528.0
1762907408156,511.0
1762907408157,495.0
1762907408158,687.0
1762907408159,507.0
1762907408160,357.0
1762907408161,287.0
1762907408162,211.0
1762907408163,223.0
1762907408164,28.0
1762907408165,20.0
1762907408166,0.0
1762907408167,11.0
1762907408168,16.0
1762907408169,0.0
1762907408170,9.0
1762907408171,0.0
1762907408172,0.0
1762907408173,9.0
1762907408174,6.0
1762907408175,3.0
1762907408176,0.0
1762907408177,0.0
1762907408178,2.0
1762907408179,0.0
1762907408180,0.0
1762907408181,5.0
1762907408182,53.0
1762907408183,131.0
1762907408184,160.0
1762907408185,153.0
1762907408186,155.0
1762907408187,145.0
1762907408188,176.0
1762907408189,109.0
1762907408190,191.0
1762907408191,251.0
1762907408192,274.0
1762907408193,311.0
1762907408194,273.0
1762907408195,492.0
1762907408196,389.0
1762907408197,288.0
1762907408198,298.0
1762907408199,597.0
1762907408200,432.0
1762907408201,352.0
1762907408202,529.0
1762907408203,304.0
1762907408204,330.0
1762907408205,678.0
1762907408206,675.0
1762907408207,428.0
1762907408208,592.0
1762907408209,560.0
1762907408210,495.0
1762907408211,547.0
1762907408212,640.0
1762907408213,610.0
1762907408214,532.0
1762907408215,762.0
1762907408216,672.0
1762907408217,464.0
1762907408218,482.0
1762907408219,576.0
1762907408220,387.0
1762907408221,547.0
1762907408222,416.0
1762907408223,553.0
1762907408224,404.0
1762907408225,697.0
1762907408226,565.0
1762907408227,898.0
1762907408228,880.0
1762907408229,560.0
1762907408230,463.0
1762907408231,361.0
1762907408232,384.0
1762907408233,347.0
1762907408234,351.0
1762907408235,229.0
1762907408236,511.0
1762907408237,429.0
1762907408238,531.0
1762907408239,400.0
1762907408240,407.0
1762907408241,401.0
1762907408242,377.0
1762907408243,400.0
1762907408244,262.0
1762907408245,482.0
1762907408246,403.0
1762907408247,384.0
1762907408248,322.0
1762907408249,359.0
1762907408250,405.0
1762907408251,476.0
1762907408252,741.0
1762907408253,418.0
1762907408254,370.0
1762907408255,506.0
1762907408256,407.0
1762907408257,306.0
1762907408258,458.0
1762907408259,540.0
1762907408260,403.0
1762907408261,343.0
1762907408262,476.0
1762907408263,318.0
1762907408264,464.0
1762907408265,672.0
1762907408266,494.0
1762907408267,400.0
1762907408268,351.0
1762907408269,842.0
1762907408270,746.0
1762907408271,548.0
1762907408272,495.0
1762907408273,622.0
1762907408274,582.0
1762907408275,411.0
1762907408276,455.0
1762907408277,592.0
1762907408278,611.0
1762907408279,405.0
1762907408280,605.0
1762907408281,830.0
1762907408282,384.0
1762907408283,496.0
1762907408284,343.0
1762907408285,612.0
1762907408286,755.0
1762907408287,729.0
1762907408288,560.0
1762907408289,478.0
1762907408290,420.0
1762907408291,430.0
1762907408292,371.0
1762907408293,400.0
1762907408294,470.0
1762907408295,453.0
1762907408296,437.0
1762907408297,368.0
1762907408298,614.0
1762907408299,395.0
1762907408300,369.0
1762907408301,418.0
1762907408302,629.0
1762907408303,696.0
1762907408304,573.0
1762907408305,556.0
1762907408306,647.0
1762907408307,595.0
1762907408308,688.0
1762907408309,624.0
1762907408310,685.0
1762907408311,604.0
1762907408312,463.0
1762907408313,545.0
1762907408314,458.0
1762907408315,422.0
1762907408316,693.0
1762907408317,576.0
1762907408318,480.0
1762907408319,578.0
1762907408320,539.0
1762907408321,1008.0
1762907408322,889.0
1762907408323,827.0
1762907408324,737.0
1762907408325,1488.0
1762907408326,1322.0
1762907408327,970.0
1762907408328,769.0
1762907408329,678.0
1762907408330,582.0
1762907408331,497.0
1762907408332,366.0
1762907408333,428.0
1762907408334,2068.0
1762907408335,1680.0
1762907408336,1232.0
1762907408337,928.0
1762907408338,369.0
1762907408339,615.0
1762907408340,874.0
1762907408341,830.0
1762907408342,1138.0
1762907408343,843.0
1762907408344,897.0
1762907408345,1232.0
1762907408346,1062.0
1762907408347,890.0
1762907408348,1213.0
1762907408349,469.0
1762907408350,496.0
1762907408351,570.0
1762907408352,368.0
1762907408353,400.0
1762907408354,281.0
1762907408355,281.0
1762907408356,252.0
1762907408357,350.0
1762907408358,351.0
1762907408359,619.0
1762907408360,1037.0
1762907408361,1069.0
1762907408362,828.0
1762907408363,508.0
1762907408364,294.0
1762907408365,213.0
1762907408366,199.0
1762907408367,166.0
1762907408368,291.0
1762907408369,212.0
1762907408370,178.0
1762907408371,397.0
1762907408372,353.0
1762907408373,272.0
1762907408374,144.0
1762907408375,112.0
1762907408376,126.0
1762907408377,126.0
1762907408378,76.0
1762907408379,34.0
1762907408380,17.0
1762907408381,19.0
1762907408382,6.0
1762907408383,10.0
1762907408384,1.0
1762907408385,11.0
1762907408386,16.0
1762907408387,21.0
1762907408388,9.0
1762907408389,15.0
1762907408390,5.0
1762907408391,19.0
1762907408392,25.0
1762907408393,9.0
1762907408394,6.0
1762907408395,16.0
1762907408396,17.0
1762907408397,10.0
1762907408398,5.0
1762907408399,13.0
1762907408400,8.0
1762907408401,10.0
1762907408402,19.0
1762907408403,38.0
1762907408404,81.0
1762907408405,176.0
1762907408406,219.0
1762907408407,267.0
1762907408408,235.0
1762907408409,225.0
1762907408410,195.0
1762907408411,422.0
1762907408412,752.0
1762907408413,654.0
1762907408414,629.0
1762907408415,482.0
1762907408416,789.0
1762907408417,627.0
1762907408418,502.0
1762907408419,684.0
1762907408420,644.0
1762907408421,501.0
1762907408422,400.0
1762907408423,495.0
1762907408424,543.0
1762907408425,448.0
1762907408426,445.0
1762907408427,395.0
1762907408428,413.0
1762907408429,555.0
1762907408430,525.0
1762907408431,311.0
1762907408432,495.0
1762907408433,592.0
1762907408434,433.0
1762907408435,464.0
1762907408436,437.0
1762907408437,415.0
1762907408438,445.0
1762907408439,390.0
1762907408440,384.0
1762907408441,275.0
1762907408442,351.0
1762907408443,400.0
1762907408444,408.0
1762907408445,499.0
1762907408446,592.0
1762907408447,377.0
1762907408448,294.0
1762907408449,333.0
1762907408450,484.0
1762907408451,530.0
1762907408452,567.0
1762907408453,493.0
1762907408454,592.0
1762907408455,570.0
1762907408456,623.0
1762907408457,571.0
1762907408458,657.0
1762907408459,585.0
1762907408460,464.0
1762907408461,496.0
1762907408462,417.0
1762907408463,443.0
1762907408464,413.0
1762907408465,609.0
1762907408466,431.0
1762907408467,407.0
1762907408468,482.0
1762907408469,423.0
1762907408470,560.0
1762907408471,443.0
1762907408472,370.0
1762907408473,409.0
1762907408474,432.0
1762907408475,332.0
1762907408476,368.0
1762907408477,282.0
1762907408478,222.0
1762907408479,169.0
1762907408480,130.0
1762907408481,155.0
1762907408482,138.0
1762907408483,276.0
1762907408484,176.0
1762907408485,108.0
1762907408486,127.0
1762907408487,158.0
1762907408488,151.0
1762907408489,47.0
1762907408490,63.0
1762907408491,113.0
1762907408492,89.0
1762907408493,55.0
1762907408494,79.0
1762907408495,69.0
1762907408496,72.0
1762907408497,58.0
1762907408498,51.0
1762907408499,22.0
1762907408500,24.0
1762907408501,26.0
1762907408502,40.0
1762907408503,14.0
1762907408504,101.0
1762907408505,186.0
1762907408506,185.0
1762907408507,127.0
1762907408508,79.0
1762907408509,58.0
1762907408510,184.0
1762907408511,346.0
1762907408512,304.0
1762907408513,756.0
1762907408514,541.0
1762907408515,1077.0
1762907408516,566.0
1762907408517,448.0
1762907408518,561.0
1762907408519,417.0
1762907408520,538.0
1762907408521,580.0
1762907408522,525.0
1762907408523,298.0
1762907408524,417.0
1762907408525,379.0
1762907408526,401.0
1762907408527,443.0
1762907408528,511.0
1762907408529,507.0
1762907408530,438.0
1762907408531,585.0
1762907408532,503.0
1762907408533,401.0
1762907408534,432.0
1762907408535,368.0
1762907408536,272.0
1762907408537,226.0
1762907408538,323.0
1762907408539,195.0
1762907408540,343.0
1762907408541,321.0
1762907408542,235.0
1762907408543,181.0
1762907408544,119.0
1762907408545,110.0
1762907408546,58.0
1762907408547,80.0
1762907408548,37.0
1762907408549,27.0
1762907408550,29.0
1762907408551,17.0
1762907408552,2.0
1762907408553,0.0
1762907408554,11.0
1762907408555,7.0
1762907408556,3.0
1762907408557,1.0
1762907408558,0.0
1762907408559,5.0
1762907408560,0.0
1762907408561,0.0
1762907408562,0.0
1762907408563,2.0
1762907408564,9.0
1762907408565,0.0
1762907408566,18.0
1762907408567,13.0
1762907408568,3.0
1762907408569,8.0
1762907408570,9.0
1762907408571,0.0
1762907408572,0.0
1762907408573,6.0
1762907408574,2.0
1762907408575,6.0
1762907408576,5.0
1762907408577,0.0
1762907408578,0.0
1762907408579,3.0
1762907408580,0.0
1762907408581,6.0
1762907408582,0.0
1762907408583,0.0
1762907408584,0.0
1762907408585,0.0
1762907408586,0.0
1762907408587,0.0
1762907408588,0.0
1762907408589,0.0
1762907408590,0.0
1762907408591,0.0
1762907408592,0.0
1762907408593,0.0
1762907408594,0.0
1762907408595,1.0
1762907408596,4.0
1762907408597,5.0
1762907408598,0.0
1762907408599,0.0
1762907408600,1.0
1762907408601,0.0
1762907408602,10.0
1762907408603,0.0
1762907408604,2.0
1762907408605,0.0
1762907408606,0.0
1762907408607,0.0
1762907408608,1.0
1762907408609,0.0
1762907408610,0.0
1762907408611,6.0
1762907408612,1.0
1762907408613,11.0
1762907408614,0.0
1762907408615,9.0
1762907408616,0.0
1762907408617,9.0
1762907408618,5.0
1762907408619,0.0
1762907408620,0.0
1762907408621,0.0
1762907408622,0.0
1762907408623,0.0
1762907408624,7.0
1762907408625,0.0
1762907408626,0.0
1762907408627,5.0
1762907408628,6.0
1762907408629,0.0
1762907408630,0.0
1762907408631,0.0
1762907408632,0.0
1762907408633,0.0
1762907408634,3.0
1762907408635,0.0
1762907408636,0.0
1762907408637,0.0
1762907408638,0.0
1762907408639,1.0
1762907408640,4.0
1762907408641,0.0
1762907408642,0.0
1762907408643,6.0
1762907408644,2.0
1762907408645,4.0
1762907408646,2.0
1762907408647,0.0
1762907408648,2.0
1762907408649,0.0
1762907408650,0.0
1762907408651,0.0
1762907408652,2.0
1762907408653,3.0
1762907408654,9.0
1762907408655,0.0
1762907408656,10.0
1762907408657,0.0
1762907408658,0.0
1762907408659,9.0
1762907408660,9.0
1762907408661,0.0
1762907408662,0.0
1762907408663,0.0
1762907408664,0.0
1762907408665,0.0
1762907408666,0.0
1762907408667,0.0
1762907408668,0.0
1762907408669,1.0
1762907408670,0.0
1762907408671,9.0
1762907408672,5.0
1762907408673,0.0
1762907408674,0.0
1762907408675,0.0
1762907408676,1.0
1762907408677,1.0
1762907408678,1.0
1762907408679,2.0
1762907408680,3.0
1762907408681,0.0
1762907408682,0.0
1762907408683,3.0
1762907408684,3.0
1762907408685,1.0
1762907408686,0.0
1762907408687,0.0
1762907408688,2.0
1762907408689,0.0
1762907408690,7.0
1762907408691,0.0
1762907408692,12.0
1762907408693,0.0
1762907408694,0.0
1762907408695,3.0
1762907408696,0.0
1762907408697,0.0
1762907408698,4.0
1762907408699,7.0
1762907408700,1.0
1762907408701,0.0
1762907408702,3.0
1762907408703,6.0
1762907408704,0.0
1762907408705,0.0
1762907408706,0.0
1762907408707,0.0
1762907408708,6.0
1762907408709,0.0
1762907408710,9.0
1762907408711,0.0
1762907408712,0.0
1762907408713,14.0
1762907408714,0.0
1762907408715,0.0
1762907408716,6.0
1762907408717,0.0
1762907408718,1.0
1762907408719,2.0
1762907408720,0.0
1762907408721,0.0
1762907408722,0.0
1762907408723,2.0
1762907408724,0.0
1762907408725,0.0
1762907408726,0.0
1762907408727,1.0
1762907408728,9.0
1762907408729,4.0
1762907408730,0.0
1762907408731,7.0
1762907408732,0.0
1762907408733,9.0
1762907408734,0.0
1762907408735,7.0
1762907408736,0.0
1762907408737,0.0
1762907408738,0.0
1762907408739,3.0
1762907408740,4.0
1762907408741,1.0
1762907408742,11.0
1762907408743,2.0
1762907408744,4.0
1762907408745,3.0
1762907408746,10.0
1762907408747,15.0
1762907408748,22.0
1762907408749,54.0
1762907408750,44.0
1762907408751,51.0
1762907408752,80.0
1762907408753,65.0
1762907408754,58.0
1762907408755,86.0
1762907408756,90.0
1762907408757,75.0
1762907408758,76.0
1762907408759,97.0
1762907408760,112.0
1762907408761,134.0
1762907408762,147.0
1762907408763,130.0
1762907408764,97.0
1762907408765,83.0
1762907408766,52.0
1762907408767,48.0
1762907408768,48.0
1762907408769,48.0
1762907408770,27.0
1762907408771,22.0
1762907408772,57.0
1762907408773,66.0
1762907408774,64.0
1762907408775,502.0
1762907408776,1958.0
1762907408777,2511.0
1762907408778,2622.0
1762907408779,2480.0
1762907408780,1748.0
1762907408781,1265.0
1762907408782,883.0
1762907408783,475.0
1762907408784,400.0
1762907408785,1120.0
1762907408786,1270.0
1762907408787,1469.0
1762907408788,1431.0
1762907408789,1649.0
1762907408790,1607.0
1762907408791,1535.0
1762907408792,1419.0
1762907408793,1249.0
1762907408794,4095.0
1762907408795,2875.0
1762907408796,2506.0
1762907408797,2028.0
1762907408798,1104.0
1762907408799,925.0
1762907408800,741.0
1762907408801,646.0
1762907408802,585.0
1762907408803,441.0
1762907408804,344.0
1762907408805,273.0
1762907408806,187.0
1762907408807,101.0
1762907408808,94.0
1762907408809,134.0
1762907408810,1074.0
1762907408811,846.0
1762907408812,910.0
1762907408813,1394.0
1762907408814,1630.0
1762907408815,2411.0
1762907408816,1264.0
1762907408817,1232.0
1762907408818,489.0
1762907408819,414.0
1762907408820,386.0
1762907408821,381.0
1762907408822,336.0
1762907408823,640.0
1762907408824,990.0
1762907408825,869.0
1762907408826,811.0
1762907408827,725.0
1762907408828,400.0
1762907408829,271.0
1762907408830,87.0
1762907408831,58.0
1762907408832,39.0
1762907408833,121.0
1762907408834,103.0
1762907408835,79.0
1762907408836,37.0
1762907408837,30.0
1762907408838,28.0
1762907408839,25.0
1762907408840,30.0
1762907408841,44.0
1762907408842,53.0
1762907408843,64.0
1762907408844,48.0
1762907408845,41.0
1762907408846,35.0
1762907408847,27.0
1762907408848,38.0
1762907408849,49.0
1762907408850,56.0
1762907408851,58.0
1762907408852,67.0
1762907408853,126.0
1762907408854,176.0
1762907408855,159.0
1762907408856,118.0
1762907408857,123.0
1762907408858,161.0
1762907408859,153.0
1762907408860,124.0
1762907408861,102.0
1762907408862,86.0
1762907408863,50.0
1762907408864,50.0
1762907408865,42.0
1762907408866,48.0
1762907408867,51.0
1762907408868,81.0
1762907408869,75.0
1762907408870,141.0
1762907408871,197.0
1762907408872,202.0
1762907408873,181.0
1762907408874,132.0
1762907408875,111.0
1762907408876,89.0
1762907408877,101.0
1762907408878,118.0
1762907408879,107.0
1762907408880,209.0
1762907408881,1630.0
1762907408882,3974.0
1762907408883,4095.0
1762907408884,4095.0
1762907408885,4095.0
1762907408886,4095.0
1762907408887,4095.0
1762907408888,4095.0
1762907408889,4095.0
1762907408890,4095.0
1762907408891,1987.0
1762907408892,1359.0
1762907408893,944.0
1762907408894,754.0
1762907408895,479.0
1762907408896,400.0
1762907408897,275.0
1762907408898,201.0
1762907408899,122.0
1762907408900,95.0
1762907408901,73.0
1762907408902,61.0
1762907408903,42.0
1762907408904,26.0
1762907408905,27.0
1762907408906,12.0
1762907408907,0.0
1762907408908,7.0
1762907408909,0.0
1762907408910,0.0
1762907408911,9.0
1762907408912,5.0
1762907408913,1.0
1762907408914,1.0
1762907408915,2.0
1762907408916,3056.0
1762907408917,4095.0
1762907408918,4095.0
1762907408919,4095.0
1762907408920,4095.0
1762907408921,4095.0
1762907408922,4095.0
1762907408923,4095.0
1762907408924,2833.0
1762907408925,2021.0
1762907408926,1640.0
1762907408927,1326.0
1762907408928,1079.0
1762907408929,735.0
1762907408930,572.0
1762907408931,501.0
1762907408932,417.0
1762907408933,318.0
1762907408934,361.0
1762907408935,393.0
1762907408936,321.0
1762907408937,362.0
1762907408938,350.0
1762907408939,337.0
1762907408940,317.0
1762907408941,330.0
1762907408942,282.0
1762907408943,256.0
1762907408944,309.0
1762907408945,256.0
1762907408946,257.0
1762907408947,242.0
1762907408948,278.0
1762907408949,336.0
1762907408950,327.0
1762907408951,291.0
1762907408952,271.0
1762907408953,213.0
1762907408954,257.0
1762907408955,282.0
1762907408956,294.0
1762907408957,313.0
1762907408958,176.0
1762907408959,144.0
1762907408960,222.0
1762907408961,256.0
1762907408962,225.0
1762907408963,193.0
1762907408964,331.0
1762907408965,243.0
1762907408966,176.0
1762907408967,161.0
1762907408968,151.0
1762907408969,183.0
1762907408970,313.0
1762907408971,224.0
1762907408972,192.0
1762907408973,206.0
1762907408974,193.0
1762907408975,169.0
1762907408976,169.0
1762907408977,230.0
1762907408978,214.0
1762907408979,214.0
1762907408980,219.0
1762907408981,278.0
1762907408982,244.0
1762907408983,243.0
1762907408984,240.0
1762907408985,239.0
1762907408986,265.0
1762907408987,221.0
1762907408988,196.0
1762907408989,169.0
1762907408990,144.0
1762907408991,108.0
1762907408992,106.0
1762907408993,100.0
1762907408994,216.0
1762907408995,186.0
1762907408996,149.0
1762907408997,114.0
1762907408998,117.0
1762907408999,158.0
1762907409000,128.0
1762907409001,233.0
1762907409002,234.0
1762907409003,338.0
1762907409004,4095.0
1762907409005,4095.0
1762907409006,4095.0
1762907409007,4095.0
1762907409008,4095.0
1762907409009,4095.0
1762907409010,4095.0
1762907409011,4095.0
1762907409012,3339.0
1762907409013,4095.0
1762907409014,4095.0
1762907409015,4095.0
1762907409016,4095.0
1762907409017,4095.0
1762907409018,3541.0
1762907409019,2707.0
1762907409020,2118.0
1762907409021,1600.0
1762907409022,1354.0
1762907409023,1186.0
1762907409024,1049.0
1762907409025,896.0
1762907409026,751.0
1762907409027,627.0
1762907409028,575.0
1762907409029,480.0
1762907409030,278.0
1762907409031,280.0
1762907409032,224.0
1762907409033,240.0
1762907409034,209.0
1762907409035,210.0
1762907409036,192.0
1762907409037,175.0
1762907409038,137.0
1762907409039,192.0
1762907409040,189.0
1762907409041,231.0
1762907409042,279.0
1762907409043,219.0
1762907409044,238.0
1762907409045,272.0
1762907409046,265.0
1762907409047,216.0
1762907409048,192.0
1762907409049,210.0
1762907409050,219.0
1762907409051,197.0
1762907409052,193.0
1762907409053,176.0
1762907409054,161.0
1762907409055,195.0
1762907409056,241.0
1762907409057,278.0
1762907409058,240.0
1762907409059,235.0
1762907409060,208.0
1762907409061,176.0
1762907409062,144.0
1762907409063,384.0
1762907409064,315.0
1762907409065,222.0
1762907409066,285.0
1762907409067,301.0
1762907409068,242.0
1762907409069,266.0
1762907409070,287.0
1762907409071,241.0
1762907409072,363.0
1762907409073,322.0
1762907409074,315.0
1762907409075,250.0
1762907409076,260.0
1762907409077,234.0
1762907409078,269.0
1762907409079,245.0
1762907409080,308.0
1762907409081,223.0
1762907409082,186.0
1762907409083,165.0
1762907409084,161.0
1762907409085,160.0
1762907409086,195.0
1762907409087,189.0
1762907409088,165.0
1762907409089,161.0
1762907409090,155.0
1762907409091,148.0
1762907409092,233.0
1762907409093,224.0
1762907409094,227.0
1762907409095,147.0
1762907409096,142.0
1762907409097,195.0
1762907409098,187.0
1762907409099,250.0
1762907409100,223.0
1762907409101,185.0
1762907409102,209.0
1762907409103,254.0
1762907409104,260.0
1762907409105,203.0
1762907409106,192.0
1762907409107,178.0
1762907409108,174.0
1762907409109,157.0
1762907409110,143.0
1762907409111,164.0
1762907409112,190.0
1762907409113,174.0
1762907409114,202.0
1762907409115,187.0
1762907409116,217.0
1762907409117,238.0
1762907409118,230.0
1762907409119,288.0
1762907409120,272.0
1762907409121,256.0
1762907409122,273.0
1762907409123,302.0
1762907409124,276.0
1762907409125,285.0
1762907409126,295.0
1762907409127,387.0
1762907409128,342.0
1762907409129,370.0
