time,label
0.02,0
0.04,0
0.06,0
0.079,0
0.1,0
0.119,0
0.14,0
0.159,0
0.18,0
0.2,0
0.22,0
0.24,0
0.26,0
0.28,0
0.3,0
0.32,0
0.34,0
0.36,0
0.379,0
0.4,0
0.419,0
0.44,0
0.459,0
0.48,0
0.499,0
0.52,0
0.54,0
0.56,0
0.58,0
0.6,0
0.62,0
0.64,0
0.66,0
0.68,0
0.7,0
0.719,0
0.74,0
0.759,0
0.78,0
0.799,0
0.82,0
0.84,0
0.86,0
0.88,0
0.9,0
0.92,0
0.94,0
0.96,0
0.98,0
1.0,0
1.019,0
1.04,0
1.059,0
1.08,0
1.099,0
1.12,0
1.139,0
1.16,0
1.18,0
1.2,0
1.22,0
1.24,0
1.26,0
1.28,0
1.3,0
1.32,0
1.34,0
1.359,0
1.38,0
1.399,0
1.42,0
1.439,0
1.46,0
1.48,0
1.5,0
1.52,0
1.54,0
1.56,0
1.58,0
1.6,0
1.62,0
1.64,0
1.659,0
1.68,0
1.699,0
1.72,0
1.739,0
1.76,0
1.779,0
1.8,0
1.82,0
1.84,0
1.86,0
1.88,0
1.9,0
1.92,0
1.94,0
1.96,0
1.98,0
1.999,0
2.02,0
2.039,0
2.06,0
2.079,0
2.1,0
2.12,0
2.14,0
2.16,0
2.18,0
2.2,0
2.22,0
2.24,0
2.26,0
2.28,0
2.299,0
2.32,0
2.339,0
2.36,0
2.379,0
2.4,0
2.419,0
2.44,0
2.46,0
2.48,0
2.5,0
2.52,0
2.54,0
2.56,0
2.58,0
2.6,0
2.62,0
2.639,0
2.66,0
2.679,0
2.7,0
2.719,0
2.74,0
2.76,0
2.78,0
2.8,0
2.82,0
2.84,0
2.86,0
2.88,0
2.9,0
2.92,0
2.939,0
2.96,0
2.979,0
3.0,0
3.019,0
3.04,0
3.059,0
3.08,0
3.1,0
3.12,0
3.14,0
3.16,0
3.18,0
3.2,0
3.22,0
3.24,0
3.26,0
3.279,0
3.3,0
3.319,0
3.34,0
3.359,0
3.38,0
3.4,0
3.42,0
3.44,0
3.46,0
3.48,0
3.5,0
3.52,0
3.54,0
3.56,0
3.579,0
3.6,0
3.619,0
3.64,0
3.659,0
3.68,0
3.699,0
3.72,0
3.74,0
3.76,0
3.78,0
3.8,0
3.82,0
3.84,0
3.86,0
3.88,0
3.9,0
3.919,0
3.94,0
3.959,0
3.98,0
3.999,0
4.02,0
4.04,0
4.06,0
4.08,0
4.1,0
4.12,0
4.14,0
4.16,0
4.18,0
4.2,0
4.219,0
4.24,0
4.259,0
4.28,0
4.299,0
4.32,0
4.339,0
4.36,0
4.38,0
4.4,0
4.42,0
4.44,0
4.46,0
4.48,0
4.5,0
4.52,0
4.54,0
4.559,0
4.58,0
4.599,0
4.62,0
4.639,0
4.66,0
4.68,0
4.7,0
4.72,0
4.74,0
4.76,0
4.78,0
4.8,0
4.82,0
4.84,0
4.859,0
4.88,0
4.899,0
4.92,0
4.939,0
4.96,0
4.979,0
5.0,0
5.02,0
5.04,0
5.06,0
5.08,0
5.1,0
5.12,0
5.14,0
5.16,0
5.18,0
5.199,0
5.22,0
5.239,0
5.26,0
5.279,0
5.3,0
5.32,0
5.34,0
5.36,0
5.38,0
5.4,0
5.42,0
5.44,0
5.46,0
5.48,0
5.499,0
5.52,0
5.539,0
5.56,0
5.579,0
5.6,0
5.619,0
5.64,0
5.66,0
5.68,0
5.7,0
5.72,0
5.74,0
5.76,0
5.78,0
5.8,0
5.82,0
5.839,0
5.86,0
5.879,0
5.9,0
5.919,0
5.94,0
5.96,0
5.98,0
6.0,0
6.02,0
6.04,0
6.06,0
6.08,0
6.1,0
6.12,0
6.139,0
6.16,0
6.179,0
6.2,0
6.219,0
6.24,0
6.259,0
6.28,0
6.3,0
6.32,0
6.34,0
6.36,0
6.38,0
6.4,0
6.42,0
6.44,0
6.46,0
6.479,0
6.5,0
6.519,0
6.54,0
6.559,0
6.58,0
6.6,0
6.62,0
6.64,0
6.66,0
6.68,0
6.7,0
6.72,0
6.74,0
6.76,0
6.779,0
6.8,0
6.819,0
6.84,0
6.859,0
6.88,0
6.899,0
6.92,0
6.94,0
6.96,0
6.98,0
7.0,0
7.02,0
7.04,0
7.06,0
7.08,0
7.1,0
7.119,0
7.14,0
7.159,0
7.18,0
7.199,0
7.22,0
7.24,0
7.26,0
7.28,0
7.3,0
7.32,0
7.34,0
7.36,0
7.38,0
7.4,0
7.419,0
7.44,0
7.459,0
7.48,0
7.499,0
7.52,0
7.539,0
7.56,0
7.58,0
7.6,0
7.62,0
7.64,0
7.66,0
7.68,0
7.7,0
7.72,0
7.74,0
7.759,0
7.78,0
7.799,0
7.82,0
7.839,0
7.86,0
7.88,0
7.9,0
7.92,0
7.94,0
7.96,0
7.98,0
8.0,0
8.02,0
8.04,0
8.059,0
8.08,0
8.099,0
8.12,0
8.139,0
8.16,0
8.179,0
8.2,0
8.22,0
8.24,0
8.26,0
8.28,0
8.3,0
8.32,0
8.34,0
8.36,0
8.38,0
8.399,0
8.42,0
8.439,0
8.46,0
8.479,0
8.5,0
8.52,0
8.54,0
8.56,0
8.58,0
8.6,0
8.62,0
8.64,0
8.66,0
8.68,0
8.699,0
8.72,0
8.739,0
8.76,0
8.779,0
8.8,0
8.819,0
8.84,0
8.86,0
8.88,0
8.9,0
8.92,0
8.94,0
8.96,0
8.98,0
9.0,0
9.02,0
9.039,0
9.06,0
9.079,0
9.1,0
9.119,0
9.14,0
9.16,0
9.18,0
9.2,0
9.22,0
9.24,0
9.26,0
9.28,0
9.3,0
9.32,0
9.339,0
9.36,0
9.379,0
9.4,0
9.419,0
9.44,0
9.459,0
9.48,0
9.5,0
9.52,0
9.54,0
9.56,0
9.58,0
9.6,0
9.62,0
9.64,0
9.66,0
9.679,0
9.7,0
9.719,0
9.74,0
9.759,0
9.78,0
9.8,0
9.82,0
9.84,0
9.86,0
9.88,0
9.9,0
9.92,0
9.94,0
9.96,0
9.979,0
10.0,0
10.019,0
10.04,0
10.059,0
10.08,0
10.099,0
10.12,0
10.14,0
10.16,0
10.18,0
10.2,0
10.22,0
10.24,0
10.26,0
10.28,0
10.3,0
10.319,0
10.34,0
10.359,0
10.38,0
10.399,0
10.42,0
10.44,0
10.46,0
10.48,0
10.5,0
10.52,0
10.54,0
10.56,0
10.58,0
10.6,0
10.619,0
10.64,0
10.659,0
10.68,0
10.699,0
10.72,0
10.739,0
10.76,0
10.78,0
10.8,0
10.82,0
10.84,0
10.86,0
10.88,0
10.9,0
10.92,0
10.94,0
10.959,0
10.98,0
10.999,0
11.02,0
11.039,0
11.06,0
11.08,0
11.1,0
11.12,0
11.14,0
11.16,0
11.18,0
11.2,0
11.22,0
11.24,0
11.259,0
11.28,0
11.299,0
11.32,0
11.339,0
11.36,0
11.379,0
11.4,0
11.42,0
11.44,0
11.46,0
11.48,0
11.5,0
11.52,0
11.54,0
11.56,0
11.58,0
11.599,0
11.62,0
11.639,0
11.66,0
11.679,0
11.7,0
11.72,0
11.74,0
11.76,0
11.78,0
11.8,0
11.82,0
11.84,0
11.86,0
11.88,0
11.899,0
11.92,0
11.939,0
11.96,0
11.979,0
12.0,0
12.019,0
12.04,0
12.06,0
12.08,0
12.1,0
12.12,0
12.14,0
12.16,0
12.18,0
12.2,0
12.22,0
12.239,0
12.26,0
12.279,0
12.3,0
12.319,0
12.34,0
12.36,0
12.38,0
12.4,0
12.42,0
12.44,0
12.46,0
12.48,0
12.5,0
12.52,0
12.539,0
12.56,0
12.579,0
12.6,0
12.619,0
12.64,0
12.659,0
12.68,0
12.7,0
12.72,0
12.74,0
12.76,0
12.78,0
12.8,0
12.82,0
12.84,0
12.86,0
12.879,0
12.9,0
12.919,0
12.94,0
12.959,0
12.98,0
13.0,0
13.02,0
13.04,0
13.06,0
13.08,0
13.1,0
13.12,0
13.14,0
13.16,0
13.179,0
13.2,0
13.219,0
13.24,0
13.259,0
13.28,0
13.299,0
13.32,0
13.34,0
13.36,0
13.38,0
13.4,0
13.42,0
13.44,0
13.46,0
13.48,0
13.5,0
13.519,0
13.54,0
13.559,0
13.58,0
13.599,0
13.62,0
13.64,0
13.66,0
13.68,0
13.7,0
13.72,0
13.74,0
13.76,0
13.78,0
13.8,0
13.819,0
13.84,0
13.859,0
13.88,0
13.899,0
13.92,0
13.939,0
13.96,0
13.98,0
14.0,0
14.02,0
14.04,0
14.06,0
14.08,0
14.1,0
14.12,0
14.14,0
14.159,0
14.18,0
14.199,0
14.22,0
14.239,0
14.26,0
14.28,0
14.3,0
14.32,0
14.34,0
14.36,0
14.38,0
14.4,0
14.42,0
14.44,0
14.459,0
14.48,0
14.499,0
14.52,0
14.539,0
14.56,0
14.579,0
14.6,0
14.62,0
14.64,0
14.66,0
14.68,0
14.7,0
14.72,0
14.74,0
14.76,0
14.78,0
14.799,0
14.82,0
14.839,0
14.86,0
14.879,0
14.9,0
14.92,0
14.94,0
14.96,0
14.98,0
15.0,0
15.02,0
15.04,0
15.06,0
15.08,0
15.099,0
15.12,0
15.139,0
15.16,0
15.179,0
15.2,0
15.219,0
15.24,0
15.26,0
15.28,0
15.3,0
15.32,0
15.34,0
15.36,0
15.38,0
15.4,0
15.42,0
15.439,0
15.46,0
15.479,0
15.5,0
15.519,0
15.54,0
15.56,0
15.58,0
15.6,0
15.62,0
15.64,0
15.66,0
15.68,0
15.7,0
15.72,0
15.739,0
15.76,0
15.779,0
15.8,0
15.819,0
15.84,0
15.859,0
15.88,0
15.9,0
15.92,0
15.94,0
15.96,0
15.98,0
16.0,0
16.02,0
16.04,0
16.06,0
16.079,0
16.1,0
16.119,0
16.14,0
16.159,0
16.18,0
16.2,0
16.22,0
16.24,0
16.26,0
16.28,0
16.3,0
16.32,0
16.34,0
16.36,0
16.379,0
16.4,0
16.419,0
16.44,0
16.459,0
16.48,0
16.499,0
16.52,0
16.54,0
16.56,0
16.58,0
16.6,0
16.62,0
16.64,0
16.66,0
16.68,0
16.7,0
16.719,0
16.74,0
16.759,0
16.78,0
16.799,0
16.82,0
16.84,0
16.86,0
16.88,0
16.9,0
16.92,0
16.94,0
16.96,0
16.98,0
17.0,0
17.019,0
17.04,0
17.059,0
17.08,0
17.099,0
17.12,0
17.139,0
17.16,0
17.18,0
17.2,0
17.22,0
17.24,0
17.26,0
17.28,0
17.3,0
17.32,0
17.34,0
17.359,0
17.38,0
17.399,0
17.42,0
17.439,0
17.46,0
17.48,0
17.5,0
17.52,0
17.54,0
17.56,0
17.58,0
17.6,0
17.62,0
17.64,0
17.659,0
17.68,0
17.699,0
17.72,0
17.739,0
17.76,0
17.779,0
17.8,0
17.82,0
17.84,0
17.86,0
17.88,0
17.9,0
17.92,0
17.94,0
17.96,0
17.98,0
17.999,0
18.02,0
18.039,0
18.06,0
18.079,0
18.1,0
18.12,0
18.14,0
18.16,0
18.18,0
18.2,0
18.22,0
18.24,0
18.26,0
18.28,0
18.299,0
18.32,0
18.339,0
18.36,0
18.379,0
18.4,0
18.419,0
18.44,0
18.46,0
18.48,0
18.5,0
18.52,0
18.54,0
18.56,0
18.58,0
18.6,0
18.62,0
18.639,0
18.66,0
18.679,0
18.7,0
18.719,0
18.74,0
18.76,0
18.78,0
18.8,0
18.82,0
18.84,0
18.86,0
18.88,0
18.9,0
18.92,0
18.939,0
18.96,0
18.979,0
19.0,0
19.019,0
19.04,0
19.059,0
19.08,0
19.1,0
19.12,0
19.14,0
19.16,0
19.18,0
19.2,0
19.22,0
19.24,0
19.26,0
19.279,0
19.3,0
19.319,0
19.34,0
19.359,0
19.38,0
19.4,0
19.42,0
19.44,0
19.46,0
19.48,0
19.5,0
19.52,0
19.54,0
19.56,0
19.579,0
19.6,0
19.619,0
19.64,0
19.659,0
19.68,0
19.699,0
19.72,0
19.74,0
19.76,0
19.78,0
19.8,0
19.82,0
19.84,0
19.86,0
19.88,0
19.9,0
19.919,0
19.94,0
19.959,0
19.98,0
19.999,0
20.02,0
20.04,0
20.06,0
20.08,0
20.1,0
20.12,0
20.14,0
20.16,0
20.18,0
20.2,0
20.219,0
20.24,0
20.259,0
20.28,0
20.299,0
20.32,0
20.339,0
20.36,0
20.38,0
20.4,0
20.42,0
20.44,0
20.46,0
20.48,0
20.5,0
20.52,0
20.54,0
20.559,0
20.58,0
20.599,0
20.62,0
20.639,0
20.66,0
20.68,0
20.7,0
20.72,0
20.74,0
20.76,0
20.78,0
20.8,0
20.82,0
20.84,0
20.859,0
20.88,0
20.899,0
20.92,0
20.939,0
20.96,0
20.979,0
21.0,0
21.02,0
21.04,0
21.06,0
21.08,0
21.1,0
21.12,0
21.14,0
21.16,0
21.18,0
21.199,0
21.22,0
21.239,0
21.26,0
21.279,0
21.3,0
21.32,0
21.34,0
21.36,0
21.38,0
21.4,0
21.42,0
21.44,0
21.46,0
21.48,0
21.499,0
21.52,0
21.539,0
21.56,0
21.579,0
21.6,0
21.619,0
21.64,0
21.66,0
21.68,0
21.7,0
21.72,0
21.74,0
21.76,0
21.78,0
21.8,0
21.82,0
21.839,0
21.86,0
21.879,0
21.9,0
21.919,0
21.94,0
21.96,0
21.98,0
22.0,0
22.02,0
22.04,0
22.06,0
22.08,0
22.1,0
22.12,0
22.139,0
22.16,0
22.179,0
22.2,0
22.219,0
22.24,0
22.259,0
22.28,0
22.3,0
22.32,0
22.34,0
22.36,0
22.38,0
22.4,0
22.42,0
22.44,0
22.46,0
22.479,0
22.5,0
22.519,0
22.54,0
22.559,0
22.58,0
22.6,0
22.62,0
22.64,0
22.66,0
22.68,0
22.7,0
22.72,0
22.74,0
22.76,0
22.779,0
22.8,0
22.819,0
22.84,0
22.859,0
22.88,0
22.899,0
22.92,0
22.94,0
22.96,0
22.98,0
23.0,0
23.02,0
23.04,0
23.06,0
23.08,0
23.1,0
23.119,0
23.14,0
23.159,0
23.18,0
23.199,0
23.22,0
23.24,0
23.26,0
23.28,0
23.3,0
23.32,0
23.34,0
23.36,0
23.38,0
23.4,0
23.419,0
23.44,0
23.459,0
23.48,0
23.499,0
23.52,0
23.539,0
23.56,0
23.58,0
23.6,0
23.62,0
23.64,0
23.66,0
23.68,0
23.7,0
23.72,0
23.74,0
23.759,0
23.78,0
23.799,0
23.82,0
23.839,0
23.86,0
23.88,0
23.9,0
23.92,0
23.94,0
23.96,0
23.98,0
24.0,0
24.02,0
24.04,0
24.059,0
24.08,0
24.099,0
24.12,0
24.139,0
24.16,0
24.179,0
24.2,0
24.22,0
24.24,0
24.26,0
24.28,0
24.3,0
24.32,0
24.34,0
24.36,0
24.38,0
24.399,0
24.42,0
24.439,0
24.46,0
24.479,0
24.5,0
24.52,0
24.54,0
24.56,0
24.58,0
24.6,0
24.62,0
24.64,0
24.66,0
24.68,0
24.699,0
24.72,0
24.739,0
24.76,0
24.779,0
24.8,0
24.819,0
24.84,0
24.86,0
24.88,0
24.9,0
24.92,0
24.94,0
24.96,0
24.98,0
25.0,0
25.02,0
25.039,0
25.06,0
25.079,0
25.1,0
25.119,0
25.14,0
25.16,0
25.18,0
25.2,0
25.22,0
25.24,0
25.26,0
25.28,0
25.3,0
25.32,0
25.339,0
25.36,0
25.379,0
25.4,0
25.419,0
25.44,0
25.459,0
25.48,0
25.5,0
25.52,0
25.54,0
25.56,0
25.58,0
25.6,0
25.62,0
25.64,0
25.66,0
25.679,0
25.7,0
25.719,0
25.74,0
25.759,0
25.78,0
25.8,0
25.82,0
25.84,0
25.86,0
25.88,0
25.9,0
25.92,0
25.94,0
25.96,0
25.979,0
26.0,0
26.019,0
26.04,0
26.059,0
26.08,0
26.099,0
26.12,0
26.14,0
26.16,0
26.18,0
26.2,0
26.22,0
26.24,0
26.26,0
26.28,0
26.3,0
26.319,0
26.34,0
26.359,0
26.38,0
26.399,0
26.42,0
26.44,0
26.46,0
26.48,0
26.5,0
26.52,0
26.54,0
26.56,0
26.58,0
26.6,0
26.619,0
26.64,0
26.659,0
26.68,0
26.699,0
26.72,0
26.739,0
26.76,0
26.78,0
26.8,0
26.82,0
26.84,0
26.86,0
26.88,0
26.9,0
26.92,0
26.94,0
26.959,0
26.98,0
26.999,0
27.02,0
27.039,0
27.06,0
27.08,0
27.1,0
27.12,0
27.14,0
27.16,0
27.18,0
27.2,0
27.22,0
27.24,0
27.259,0
27.28,0
27.299,0
27.32,0
27.339,0
27.36,0
27.379,0
27.4,0
27.42,0
27.44,0
27.46,0
27.48,0
27.5,0
27.52,0
27.54,0
27.56,0
27.58,0
27.599,0
27.62,0
27.639,0
27.66,0
27.679,0
27.7,0
27.72,0
27.74,0
27.76,0
27.78,0
27.8,0
27.82,0
27.84,0
27.86,0
27.88,0
27.899,0
27.92,0
27.939,0
27.96,0
27.979,0
28.0,0
28.019,0
28.04,0
28.06,0
28.08,0
28.1,0
28.12,0
28.14,0
28.16,0
28.18,0
28.2,0
28.22,0
28.239,0
28.26,0
28.279,0
28.3,0
28.319,0
28.34,0
28.36,0
28.38,0
28.4,0
28.42,0
28.44,0
28.46,0
28.48,0
28.5,0
28.52,0
28.539,0
28.56,0
28.579,0
28.6,0
28.619,0
28.64,0
28.659,0
28.68,0
28.7,0
28.72,0
28.74,0
28.76,0
28.78,0
28.8,0
28.82,0
28.84,0
28.86,0
28.879,0
28.9,0
28.919,0
28.94,0
28.959,0
28.98,0
29.0,0
29.02,0
29.04,0
29.06,0
29.08,0
29.1,0
29.12,0
29.14,0
29.16,0
29.179,0
29.2,0
29.219,0
29.24,0
29.259,0
29.28,0
29.299,0
29.32,0
29.34,0
29.36,0
29.38,0
29.4,0
29.42,0
29.44,0
29.46,0
29.48,0
29.5,0
29.519,0
29.54,0
29.559,0
29.58,0
29.599,0
29.62,0
29.64,0
29.66,0
29.68,0
29.7,0
29.72,0
29.74,0
29.76,0
29.78,0
29.8,0
29.819,0
29.84,0
29.859,0
29.88,0
29.899,0
29.92,0
29.939,0
29.96,0
29.98,0
30.0,0
30.02,0
30.04,0
30.06,0
30.08,0
30.1,0
30.12,0
30.14,0
30.159,0
30.18,0
30.199,0
30.22,0
30.239,0
30.26,0
30.28,0
30.3,0
30.32,0
30.34,0
30.36,0
30.38,0
30.4,0
30.42,0
30.44,0
30.459,0
30.48,0
30.499,0
30.52,0
30.539,0
30.56,0
30.579,0
30.6,0
30.62,0
30.64,0
30.66,0
30.68,0
30.7,0
30.72,0
30.74,0
30.76,0
30.78,0
30.799,0
30.82,0
30.839,0
30.86,0
30.879,0
30.9,0
30.92,0
30.94,0
30.96,0
30.98,0
31.0,0
31.02,0
31.04,0
31.06,0
31.08,0
31.099,0
31.12,0
31.139,0
31.16,0
31.179,0
31.2,0
31.219,0
31.24,0
31.26,0
31.28,0
31.3,0
31.32,0
31.34,0
31.36,0
31.38,0
31.4,0
31.42,0
31.439,0
31.46,0
31.479,0
31.5,0
31.519,0
31.54,0
31.56,0
31.58,0
31.6,0
31.62,0
31.64,0
31.66,0
31.68,0
31.7,0
31.72,0
31.739,0
31.76,0
31.779,0
31.8,0
31.819,0
31.84,0
31.859,0
31.88,0
31.9,0
31.92,0
31.94,0
31.96,0
31.98,0
32.0,0
32.02,0
32.04,0
32.06,0
32.079,0
32.1,0
32.119,0
32.14,0
32.159,0
32.18,0
32.2,0
32.22,0
32.24,0
32.26,0
32.28,0
32.3,0
32.32,0
32.34,0
32.36,0
32.379,0
32.4,0
32.419,0
32.44,0
32.459,0
32.48,0
32.499,0
32.52,0
32.54,0
32.56,0
32.58,0
32.6,0
32.62,0
32.64,0
32.66,0
32.68,0
32.7,0
32.719,0
32.74,0
32.759,0
32.78,0
32.799,0
32.82,0
32.84,0
32.86,0
32.88,0
32.9,0
32.92,0
32.94,0
32.96,0
32.98,0
33.0,0
33.019,0
33.04,0
33.059,0
33.08,0
33.099,0
33.12,0
33.139,0
33.16,0
33.18,0
33.2,0
33.22,0
33.24,0
33.26,0
33.28,0
33.3,0
33.32,0
33.34,0
33.359,0
33.38,0
33.399,0
33.42,0
33.439,0
33.46,0
33.48,0
33.5,0
33.52,0
33.54,0
33.56,0
33.58,0
33.6,0
33.62,0
33.64,0
33.659,0
33.68,0
33.699,0
33.72,0
33.739,0
33.76,0
33.779,0
33.8,0
33.82,0
33.84,0
33.86,0
33.88,0
33.9,0
33.92,0
33.94,0
33.96,0
33.98,0
33.999,0
34.02,0
34.039,0
34.06,0
34.079,0
34.1,0
34.12,0
34.14,0
34.16,0
34.18,0
34.2,0
34.22,0
34.24,0
34.26,0
34.28,0
34.299,0
34.32,0
34.339,0
34.36,0
34.379,0
34.4,0
34.419,0
34.44,0
34.46,0
34.48,0
34.5,0
34.52,0
34.54,0
34.56,0
34.58,0
34.6,0
34.62,0
34.639,0
34.66,0
34.679,0
34.7,0
34.719,0
34.74,0
34.76,0
34.78,0
34.8,0
34.82,0
34.84,0
34.86,0
34.88,0
34.9,0
34.92,0
34.939,0
34.96,0
34.979,0
35.0,0
35.019,0
35.04,0
35.059,0
35.08,0
35.1,0
35.12,0
35.14,0
35.16,0
35.18,0
35.2,0
35.22,0
35.24,0
35.26,0
35.279,0
35.3,0
35.319,0
35.34,0
35.359,0
35.38,0
35.4,0
35.42,0
35.44,0
35.46,0
35.48,0
35.5,0
35.52,0
35.54,0
35.56,0
35.579,0
35.6,0
35.619,0
35.64,0
35.659,0
35.68,0
35.699,0
35.72,0
35.74,0
35.76,0
35.78,0
35.8,0
35.82,0
35.84,0
35.86,0
35.88,0
35.9,0
35.919,0
35.94,0
35.959,0
35.98,0
35.999,0
36.02,0
36.04,0
36.06,0
36.08,0
36.1,0
36.12,0
36.14,0
36.16,0
36.18,0
36.2,0
36.219,0
36.24,0
36.259,0
36.28,0
36.299,0
36.32,0
36.339,0
36.36,0
36.38,0
36.4,0
36.42,0
36.44,0
36.46,0
36.48,0
36.5,0
36.52,0
36.54,0
36.559,0
36.58,0
36.599,0
36.62,0
36.639,0
36.66,0
36.68,0
36.7,0
36.72,0
36.74,0
36.76,0
36.78,0
36.8,0
36.82,0
36.84,0
36.859,0
36.88,0
36.899,0
36.92,0
36.939,0
36.96,0
36.979,0
37.0,0
37.02,0
37.04,0
37.06,0
37.08,0
37.1,0
37.12,0
37.14,0
37.16,0
37.18,0
37.199,0
37.22,0
37.239,0
37.26,0
37.279,0
37.3,0
37.32,0
37.34,0
37.36,0
37.38,0
37.4,0
37.42,0
37.44,0
37.46,0
37.48,0
37.499,0
37.52,0
37.539,0
37.56,0
37.579,0
37.6,0
37.619,0
37.64,0
37.66,0
37.68,0
37.7,0
37.72,0
37.74,0
37.76,0
37.78,0
37.8,0
37.82,0
37.839,0
37.86,0
37.879,0
37.9,0
37.919,0
37.94,0
37.96,0
37.98,0
38.0,0
38.02,0
38.04,0
38.06,0
38.08,0
38.1,0
38.12,0
38.139,0
38.16,0
38.179,0
38.2,0
38.219,0
38.24,0
38.259,0
38.28,0
38.3,0
38.32,0
38.34,0
38.36,0
38.38,0
38.4,0
38.42,0
38.44,0
38.46,0
38.479,0
38.5,0
38.519,0
38.54,0
38.559,0
38.58,0
38.6,0
38.62,0
38.64,0
38.66,0
38.68,0
38.7,0
38.72,0
38.74,0
38.76,0
38.779,0
38.8,0
38.819,0
38.84,0
38.859,0
38.88,0
38.899,0
38.92,0
38.94,0
38.96,0
38.98,0
39.0,0
39.02,0
39.04,0
39.06,0
39.08,0
39.1,0
39.119,0
39.14,0
39.159,0
39.18,0
39.199,0
39.22,0
39.24,0
39.26,0
39.28,0
39.3,0
39.32,0
39.34,0
39.36,0
39.38,0
39.4,0
39.419,0
39.44,0
39.459,0
39.48,0
39.499,0
39.52,0
39.539,0
39.56,0
39.58,0
39.6,0
39.62,0
39.64,0
39.66,0
39.68,0
39.7,0
39.72,0
39.74,0
39.759,0
39.78,0
39.799,0
39.82,0
39.839,0
39.86,0
39.88,0
39.9,0
39.92,0
39.94,0
39.96,0
39.98,0
40.0,0
40.02,0
40.04,0
40.059,0
40.08,0
40.099,0
40.12,0
40.139,0
40.16,0
40.179,0
40.2,0
40.22,0
40.24,0
40.26,0
40.28,0
40.3,0
40.32,0
40.34,0
40.36,0
40.38,0
40.399,0
40.42,0
40.439,0
40.46,0
40.479,0
40.5,0
40.52,0
40.54,0
40.56,0
40.58,0
40.6,0
40.62,0
40.64,0
40.66,0
40.68,0
40.699,0
40.72,0
40.739,0
40.76,0
40.779,0
40.8,0
40.819,0
40.84,0
40.86,0
40.88,0
40.9,0
40.92,0
40.94,0
40.96,0
40.98,0
41.0,0
41.02,0
41.039,0
41.06,0
41.079,0
41.1,0
41.119,0
41.14,0
41.16,0
41.18,0
41.2,0
41.22,0
41.24,0
41.26,0
41.28,0
41.3,0
41.32,0
41.339,0
41.36,0
41.379,0
41.4,0
41.419,0
41.44,0
41.459,0
41.48,0
41.5,1
41.52,1
41.54,1
41.56,1
41.58,1
41.6,1
41.62,1
41.64,1
41.66,1
41.679,1
41.7,1
41.719,1
41.74,1
41.759,1
41.78,1
41.8,1
41.82,1
41.84,1
41.86,1
41.88,1
41.9,1
41.92,1
41.94,1
41.96,1
41.979,1
42.0,1
42.019,1
42.04,1
42.059,1
42.08,1
42.099,1
42.12,1
42.14,1
42.16,1
42.18,1
42.2,1
42.22,1
42.24,1
42.26,1
42.28,1
42.3,1
42.319,1
42.34,1
42.359,1
42.38,1
42.399,1
42.42,1
42.44,1
42.46,1
42.48,1
42.5,1
42.52,1
42.54,1
42.56,1
42.58,1
42.6,1
42.619,1
42.64,1
42.659,1
42.68,1
42.699,1
42.72,1
42.739,1
42.76,1
42.78,1
42.8,1
42.82,1
42.84,1
42.86,1
42.88,1
42.9,1
42.92,1
42.94,1
42.959,1
42.98,1
42.999,1
43.02,1
43.039,1
43.06,1
43.08,1
43.1,1
43.12,1
43.14,1
43.16,1
43.18,1
43.2,1
43.22,1
43.24,1
43.259,1
43.28,1
43.299,1
43.32,1
43.339,1
43.36,1
43.379,1
43.4,1
43.42,1
43.44,1
43.46,1
43.48,1
43.5,1
43.52,1
43.54,1
43.56,1
43.58,1
43.599,1
43.62,1
43.639,1
43.66,1
43.679,1
43.7,1
43.72,1
43.74,1
43.76,1
43.78,1
43.8,1
43.82,1
43.84,1
43.86,1
43.88,1
43.899,1
43.92,1
43.939,1
43.96,1
43.979,1
44.0,1
44.019,1
44.04,1
44.06,1
44.08,1
44.1,1
44.12,1
44.14,1
44.16,1
44.18,1
44.2,1
44.22,1
44.239,1
44.26,1
44.279,1
44.3,1
44.319,1
44.34,1
44.36,1
44.38,1
44.4,1
44.42,1
44.44,1
44.46,1
44.48,1
44.5,1
44.52,1
44.539,1
44.56,1
44.579,1
44.6,1
44.619,1
44.64,1
44.659,1
44.68,1
44.7,1
44.72,1
44.74,1
44.76,1
44.78,1
44.8,1
44.82,1
44.84,1
44.86,1
44.879,1
44.9,1
44.919,1
44.94,1
44.959,1
44.98,1
45.0,1
45.02,1
45.04,1
45.06,1
45.08,1
45.1,1
45.12,1
45.14,1
45.16,1
45.179,1
45.2,1
45.219,1
45.24,1
45.259,1
45.28,1
45.299,1
45.32,1
45.34,1
45.36,1
45.38,1
45.4,1
45.42,1
45.44,1
45.46,1
45.48,1
45.5,1
45.519,1
45.54,1
45.559,1
45.58,1
45.599,1
45.62,1
45.64,1
45.66,1
45.68,1
45.7,1
45.72,1
45.74,1
45.76,1
45.78,1
45.8,1
45.819,1
45.84,1
45.859,1
45.88,1
45.899,1
45.92,1
45.939,1
45.96,1
45.98,1
46.0,1
46.02,1
46.04,1
46.06,1
46.08,1
46.1,1
46.12,1
46.14,1
46.159,1
46.18,1
46.199,1
46.22,1
46.239,1
46.26,1
46.28,1
46.3,1
46.32,1
46.34,1
46.36,1
46.38,1
46.4,1
46.42,1
46.44,1
46.459,1
46.48,1
46.499,1
46.52,1
46.539,1
46.56,1
46.579,1
46.6,1
46.62,1
46.64,1
46.66,1
46.68,1
46.7,1
46.72,1
46.74,1
46.76,1
46.78,1
46.799,1
46.82,1
46.839,1
46.86,1
46.879,1
46.9,1
46.92,1
46.94,1
46.96,1
46.98,1
47.0,1
47.02,1
47.04,1
47.06,1
47.08,1
47.099,1
47.12,1
47.139,1
47.16,1
47.179,1
47.2,1
47.219,1
47.24,1
47.26,1
47.28,1
47.3,1
47.32,1
47.34,1
47.36,1
47.38,1
47.4,1
47.42,1
47.439,1
47.46,1
47.479,1
47.5,1
47.519,1
47.54,1
47.56,1
47.58,1
47.6,1
47.62,1
47.64,1
47.66,1
47.68,1
47.7,1
47.72,1
47.739,1
47.76,1
47.779,1
47.8,1
47.819,1
47.84,1
47.859,1
47.88,1
47.9,1
47.92,1
47.94,1
47.96,1
47.98,1
48.0,1
48.02,1
48.04,1
48.06,1
48.079,1
48.1,1
48.119,1
48.14,1
48.159,1
48.18,1
48.2,1
48.22,1
48.24,1
48.26,1
48.28,1
48.3,1
48.32,1
48.34,1
48.36,1
48.379,1
48.4,1
48.419,1
48.44,1
48.459,1
48.48,1
48.499,1
48.52,1
48.54,1
48.56,1
48.58,1
48.6,1
48.62,1
48.64,1
48.66,1
48.68,1
48.7,1
48.719,1
48.74,1
48.759,1
48.78,1
48.799,1
48.82,1
48.84,1
48.86,1
48.88,1
48.9,1
48.92,1
48.94,1
48.96,1
48.98,1
49.0,1
49.019,1
49.04,1
49.059,1
49.08,1
49.099,1
49.12,1
49.139,1
49.16,1
49.18,1
49.2,1
49.22,1
49.24,1
49.26,1
49.28,1
49.3,1
49.32,1
49.34,1
49.359,1
49.38,1
49.399,1
49.42,1
49.439,1
49.46,1
49.48,1
49.5,1
49.52,1
49.54,1
49.56,1
49.58,1
49.6,1
49.62,1
49.64,1
49.659,1
49.68,1
49.699,1
49.72,1
49.739,1
49.76,1
49.779,1
49.8,1
49.82,1
49.84,1
49.86,1
49.88,1
49.9,1
49.92,1
49.94,1
49.96,1
49.98,1
49.999,1
50.02,1
50.039,1
50.06,1
50.079,1
50.1,1
50.12,1
50.14,1
50.16,1
50.18,1
50.2,1
50.22,1
50.24,1
50.26,1
50.28,1
50.299,1
50.32,1
50.339,1
50.36,1
50.379,1
50.4,1
50.419,1
50.44,1
50.46,1
50.48,1
50.5,1
50.52,1
50.54,1
50.56,1
50.58,1
50.6,1
50.62,1
50.639,1
50.66,1
50.679,1
50.7,1
50.719,1
50.74,1
50.76,1
50.78,1
50.8,1
50.82,1
50.84,1
50.86,1
50.88,1
50.9,1
50.92,1
50.939,1
50.96,1
50.979,1
51.0,1
51.019,1
51.04,1
51.059,1
51.08,1
51.1,1
51.12,1
51.14,1
51.16,1
51.18,1
51.2,1
51.22,1
51.24,1
51.26,1
51.279,1
51.3,1
51.319,1
51.34,1
51.359,1
51.38,1
51.4,1
51.42,1
51.44,1
51.46,1
51.48,1
51.5,1
51.52,1
51.54,1
51.56,1
51.579,1
51.6,1
51.619,1
51.64,1
51.659,1
51.68,1
51.699,1
51.72,1
51.74,1
51.76,1
51.78,1
51.8,1
51.82,1
51.84,1
51.86,1
51.88,1
51.9,1
51.919,1
51.94,1
51.959,1
51.98,1
51.999,1
52.02,1
52.04,1
52.06,1
52.08,1
52.1,1
52.12,1
52.14,1
52.16,1
52.18,1
52.2,1
52.219,1
52.24,1
52.259,1
52.28,1
52.299,1
52.32,1
52.339,1
52.36,1
52.38,1
52.4,1
52.42,1
52.44,1
52.46,1
52.48,1
52.5,1
52.52,1
52.54,1
52.559,1
52.58,1
52.599,1
52.62,1
52.639,1
52.66,1
52.68,1
52.7,1
52.72,1
52.74,1
52.76,1
52.78,1
52.8,1
52.82,1
52.84,1
52.859,1
52.88,1
52.899,1
52.92,1
52.939,1
52.96,1
52.979,1
53.0,1
53.02,1
53.04,1
53.06,1
53.08,1
53.1,1
53.12,1
53.14,1
53.16,1
53.18,1
53.199,1
53.22,1
53.239,1
53.26,1
53.279,1
53.3,1
53.32,1
53.34,1
53.36,1
53.38,1
53.4,1
53.42,1
53.44,1
53.46,1
53.48,1
53.499,1
53.52,1
53.539,1
53.56,1
53.579,1
53.6,1
53.619,1
53.64,1
53.66,1
53.68,1
53.7,1
53.72,1
53.74,1
53.76,1
53.78,1
53.8,1
53.82,1
53.839,1
53.86,1
53.879,1
53.9,1
53.919,1
53.94,1
53.96,1
53.98,1
54.0,1
54.02,1
54.04,1
54.06,1
54.08,1
54.1,1
54.12,1
54.139,1
54.16,1
54.179,1
54.2,1
54.219,1
54.24,1
54.259,1
54.28,1
54.3,1
54.32,1
54.34,1
54.36,1
54.38,1
54.4,1
54.42,1
54.44,1
54.46,1
54.479,1
54.5,1
54.519,1
54.54,1
54.559,1
54.58,1
54.6,1
54.62,1
54.64,1
54.66,1
54.68,1
54.7,1
54.72,1
54.74,1
54.76,1
54.779,1
54.8,1
54.819,1
54.84,1
54.859,1
54.88,1
54.899,1
54.92,1
54.94,1
54.96,1
54.98,1
55.0,1
55.02,1
55.04,1
55.06,1
55.08,1
55.1,1
55.119,1
55.14,1
55.159,1
55.18,1
55.199,1
55.22,1
55.24,1
55.26,1
55.28,1
55.3,1
55.32,1
55.34,1
55.36,1
55.38,1
55.4,1
55.419,1
55.44,1
55.459,1
55.48,1
55.499,1
55.52,1
55.539,1
55.56,1
55.58,1
55.6,1
55.62,1
55.64,1
55.66,1
55.68,1
55.7,1
55.72,1
55.74,1
55.759,1
55.78,1
55.799,1
55.82,1
55.839,1
55.86,1
55.88,1
55.9,1
55.92,1
55.94,1
55.96,1
55.98,1
56.0,1
56.02,1
56.04,1
56.059,1
56.08,1
56.099,1
56.12,1
56.139,1
56.16,1
56.179,1
56.2,1
56.22,1
56.24,1
56.26,1
56.28,1
56.3,1
56.32,1
56.34,1
56.36,1
56.38,1
56.399,1
56.42,1
56.439,1
56.46,1
56.479,1
56.5,1
56.52,1
56.54,1
56.56,1
56.58,1
56.6,1
56.62,1
56.64,1
56.66,1
56.68,1
56.699,1
56.72,1
56.739,1
56.76,1
56.779,1
56.8,1
56.819,1
56.84,1
56.86,1
56.88,1
56.9,1
56.92,1
56.94,1
56.96,1
56.98,1
57.0,1
57.02,1
57.039,1
57.06,1
57.079,1
57.1,1
57.119,1
57.14,1
57.16,1
57.18,1
57.2,1
57.22,1
57.24,1
57.26,1
57.28,1
57.3,1
57.32,1
57.339,1
57.36,1
57.379,1
57.4,1
57.419,1
57.44,1
57.459,1
57.48,1
57.5,1
57.52,1
57.54,1
57.56,1
57.58,1
57.6,1
57.62,1
57.64,1
57.66,1
57.679,1
57.7,1
57.719,1
57.74,1
57.759,1
57.78,1
57.8,1
57.82,1
57.84,1
57.86,1
57.88,1
57.9,1
57.92,1
57.94,1
57.96,1
57.979,1
58.0,1
58.019,1
58.04,1
58.059,1
58.08,1
58.099,1
58.12,1
58.14,1
58.16,1
58.18,1
58.2,1
58.22,1
58.24,1
58.26,1
58.28,1
58.3,1
58.319,1
58.34,1
58.359,1
58.38,1
58.399,1
58.42,1
58.44,1
58.46,1
58.48,1
58.5,1
58.52,1
58.54,1
58.56,1
58.58,1
58.6,1
58.619,1
58.64,1
58.659,1
58.68,1
58.699,1
58.72,1
58.739,1
58.76,1
58.78,1
58.8,1
58.82,1
58.84,1
58.86,1
58.88,1
58.9,1
58.92,1
58.94,1
58.959,1
58.98,1
58.999,1
59.02,1
59.039,1
59.06,1
59.08,1
59.1,1
59.12,1
59.14,1
59.16,1
59.18,1
59.2,1
59.22,1
59.24,1
59.259,1
59.28,1
59.299,1
59.32,1
59.339,1
59.36,1
59.379,1
59.4,1
59.42,1
59.44,1
59.46,1
59.48,1
59.5,1
59.52,1
59.54,1
59.56,1
59.58,1
59.599,1
59.62,1
59.639,1
59.66,1
59.679,1
59.7,1
59.72,1
59.74,1
59.76,1
59.78,1
59.8,1
59.82,1
59.84,1
59.86,1
59.88,1
59.899,1
59.92,1
59.939,1
59.96,1
59.979,1
60.0,1
60.019,1
60.04,1
60.06,1
60.08,1
60.1,1
60.12,1
60.14,1
60.16,1
60.18,1
60.2,1
60.22,1
60.239,1
60.26,1
60.279,1
60.3,1
60.319,1
60.34,1
60.36,1
60.38,1
60.4,1
60.42,1
60.44,1
60.46,1
60.48,1
60.5,1
60.52,1
60.539,1
60.56,1
60.579,1
60.6,1
60.619,1
60.64,1
60.659,1
60.68,1
60.7,1
60.72,1
60.74,1
60.76,1
60.78,1
60.8,1
60.82,1
60.84,1
60.86,1
60.879,1
60.9,1
60.919,1
60.94,1
60.959,1
60.98,1
61.0,1
61.02,1
61.04,1
61.06,1
61.08,1
61.1,1
61.12,1
61.14,1
61.16,1
61.179,1
61.2,1
61.219,1
61.24,1
61.259,1
61.28,1
61.299,1
61.32,1
61.34,1
61.36,1
61.38,1
61.4,1
61.42,1
61.44,1
61.46,1
61.48,1
61.5,1
61.519,1
61.54,1
61.559,1
61.58,1
61.599,1
61.62,1
61.64,1
61.66,1
61.68,1
61.7,1
61.72,1
61.74,1
61.76,1
61.78,1
61.8,1
61.819,1
61.84,1
61.859,1
61.88,1
61.899,1
61.92,1
61.939,1
61.96,1
61.98,1
62.0,1
62.02,1
62.04,1
62.06,1
62.08,1
62.1,1
62.12,1
62.14,1
62.159,1
62.18,1
62.199,1
62.22,1
62.239,1
62.26,1
62.28,1
62.3,1
62.32,1
62.34,1
62.36,1
62.38,1
62.4,1
62.42,1
62.44,1
62.459,1
62.48,1
62.499,1
62.52,1
62.539,1
62.56,1
62.579,1
62.6,1
62.62,1
62.64,1
62.66,1
62.68,1
62.7,1
62.72,1
62.74,1
62.76,1
62.78,1
62.799,1
62.82,1
62.839,1
62.86,1
62.879,1
62.9,1
62.92,1
62.94,1
62.96,1
62.98,1
63.0,1
63.02,1
63.04,1
63.06,1
63.08,1
63.099,1
63.12,1
63.139,1
63.16,1
63.179,1
63.2,1
63.219,1
63.24,1
63.26,1
63.28,1
63.3,1
63.32,1
63.34,1
63.36,1
63.38,1
63.4,1
63.42,1
63.439,1
63.46,1
63.479,1
63.5,1
63.519,1
63.54,1
63.56,1
63.58,1
63.6,1
63.62,1
63.64,1
63.66,1
63.68,1
63.7,1
63.72,1
63.739,1
63.76,1
63.779,1
63.8,1
63.819,1
63.84,1
63.859,1
63.88,1
63.9,1
63.92,1
63.94,1
63.96,1
63.98,1
64.0,1
64.02,1
64.04,1
64.06,1
64.07901,1
64.1,1
64.11901,1
64.14,1
64.159,1
64.18,1
64.2,1
64.22,1
64.24,1
64.26,1
64.28,1
64.30001,1
64.32,1
64.34,1
64.36,1
64.379,1
64.4,1
64.419,1
64.44001,1
64.459,1
64.48001,1
64.499,1
64.52,1
64.54,1
64.56,1
64.58,1
64.6,1
64.62001,1
64.64,1
64.66001,1
64.68,1
64.7,1
64.719,1
64.74,1
64.75901,1
64.78,1
64.79901,1
64.82,1
64.84,1
64.86,1
64.88,1
64.9,1
64.92,1
64.94001,1
64.96,1
64.98001,1
65.0,1
65.019,1
65.04,1
65.059,1
65.08,1
65.099,1
65.12001,1
65.139,1
65.16001,1
65.18,1
65.2,1
65.22,1
65.24,1
65.26,1
65.28,1
65.30001,1
65.32,1
65.34,1
65.359,1
65.38,1
65.399,1
65.42,1
65.43901,1
65.46,1
65.48001,1
65.5,1
65.52,1
65.54,1
65.56,1
65.58,1
65.6,1
65.62001,1
65.64,1
65.659,1
65.68,1
65.699,1
65.72,1
65.739,1
65.76,1
65.779,1
65.80001,1
65.82,1
65.84,1
65.86,1
65.88,1
65.9,1
65.92,1
65.94001,1
65.96,1
65.98001,1
65.999,1
66.02,1
66.039,1
66.06,1
66.07901,1
66.1,1
66.12001,1
66.14,1
66.16001,1
66.18,1
66.2,1
66.22,1
66.24,1
66.26,1
66.28,1
66.29901,1
66.32,1
66.339,1
66.36,1
66.379,1
66.4,1
66.419,1
66.44001,1
66.46,1
66.48001,1
66.5,1
66.52,1
66.54,1
66.56,1
66.58,1
66.6,1
66.62001,1
66.639,1
66.66001,1
66.679,1
66.7,1
66.719,1
66.74,1
66.76,1
66.78,1
66.80001,1
66.82,1
66.84,1
66.86,1
66.88,1
66.9,1
66.92,1
66.93901,1
66.96,1
66.979,1
67.0,1
67.019,1
67.04,1
67.059,1
67.08,1
67.1,1
67.12001,1
67.14,1
67.16001,1
67.18,1
67.2,1
67.22,1
67.24,1
67.26,1
67.279,1
67.30001,1
67.319,1
67.34,1
67.359,1
67.38,1
67.4,1
67.42,1
67.44001,1
67.46,1
67.48001,1
67.5,1
67.52,1
67.54,1
67.56,1
67.57901,1
67.6,1
67.61901,1
67.64,1
67.659,1
67.68,1
67.699,1
67.72,1
67.74,1
67.76,1
67.78,1
67.80001,1
67.82,1
67.84,1
67.86,1
67.88,1
67.9,1
67.919,1
67.94001,1
67.959,1
67.98001,1
67.999,1
68.02,1
68.04,1
68.06,1
68.08,1
68.1,1
68.12001,1
68.14,1
68.16001,1
68.18,1
68.2,1
68.219,1
68.24,1
68.25901,1
68.28,1
68.29901,1
68.32,1
68.339,1
68.36,1
68.38,1
68.4,1
68.42,1
68.44001,1
68.46,1
68.48001,1
68.5,1
68.52,1
68.54,1
68.559,1
68.58,1
68.599,1
68.62001,1
68.639,1
68.66001,1
68.68,1
68.7,1
68.72,1
68.74,1
68.76,1
68.78,1
68.80001,1
68.82,1
68.84,1
68.859,1
68.88,1
68.899,1
68.92,1
68.93901,1
68.96,1
68.979,1
69.0,1
69.02,1
69.04,1
69.06,1
69.08,1
69.1,1
69.12001,1
69.14,1
69.16001,1
69.18,1
69.199,1
69.22,1
69.239,1
69.26,1
69.279,1
69.30001,1
69.32,1
69.34,1
69.36,1
69.38,1
69.4,1
69.42,1
69.44001,1
69.46,1
69.48001,1
69.499,1
69.52,1
69.539,1
69.56,1
69.57901,1
69.6,1
69.61901,1
69.64,1
69.66001,1
69.68,1
69.7,1
69.72,1
69.74,1
69.76,1
69.78,1
69.80001,1
69.82,1
69.839,1
69.86,1
69.879,1
69.9,1
69.919,1
69.94001,1
69.96,1
69.98001,1
70.0,1
70.02,1
70.04,1
70.06,1
70.08,1
70.1,1
70.12001,1
70.139,1
70.16001,1
70.179,1
70.2,1
70.219,1
70.24,1
70.25901,1
70.28,1
70.30001,1
70.32,1
70.34,1
70.36,1
70.38,1
70.4,1
70.42,1
70.44001,1
70.46,1
70.479,1
70.5,1
70.519,1
70.54,1
70.559,1
70.58,1
70.6,1
70.62001,1
70.64,1
70.66001,1
70.68,1
70.7,1
70.72,1
70.74,1
70.76,1
70.779,1
70.80001,1
70.819,1
70.84,1
70.859,1
70.88,1
70.899,1
70.92,1
70.94001,1
70.96,1
70.98001,1
71.0,1
71.02,1
71.04,1
71.06,1
71.08,1
71.1,1
71.11901,1
71.14,1
71.159,1
71.18,1
71.199,1
71.22,1
71.24,1
71.26,1
71.28,1
71.30001,1
71.32,1
71.34,1
71.36,1
71.38,1
71.4,1
71.419,1
71.44001,1
71.459,1
71.48001,1
71.499,1
71.52,1
71.539,1
71.56,1
71.58,1
71.6,1
71.62001,1
71.64,1
71.66001,1
71.68,1
71.7,1
71.72,1
71.74,1
71.75901,1
71.78,1
71.79901,1
71.82,1
71.839,1
71.86,1
71.88,1
71.9,1
71.92,1
71.94001,1
71.96,1
71.98001,1
72.0,1
72.02,1
72.04,1
72.059,1
72.08,1
72.099,1
72.12001,1
72.139,1
72.16001,1
72.179,1
72.2,1
72.22,1
72.24,1
72.26,1
72.28,1
72.30001,1
72.32,1
72.34,1
72.36,1
72.38,1
72.399,1
72.42,1
72.43901,1
72.46,1
72.479,1
72.5,1
72.52,1
72.54,1
72.56,1
72.58,1
72.6,1
72.62001,1
72.64,1
72.66001,1
72.68,1
72.699,1
72.72,1
72.739,1
72.76,1
72.779,1
72.80001,1
72.819,1
72.84,1
72.86,1
72.88,1
72.9,1
72.92,1
72.94001,1
72.96,1
72.98001,1
73.0,1
73.02,1
73.039,1
73.06,1
73.07901,1
73.1,1
73.11901,1
73.14,1
73.16001,1
73.18,1
73.2,1
73.22,1
73.24,1
73.26,1
73.28,1
73.30001,1
73.32,1
73.339,1
73.36,1
73.379,1
73.4,1
73.419,1
73.44001,1
73.459,1
73.48001,1
73.5,1
73.52,1
73.54,1
73.56,1
73.58,1
73.6,1
73.62001,1
73.64,1
73.66001,1
73.679,1
73.7,1
73.719,1
73.74,1
73.75901,1
73.78,1
73.80001,1
73.82,1
73.84,1
73.86,1
73.88,1
73.9,1
73.92,1
73.94001,1
73.96,1
73.979,1
74.0,1
74.019,1
74.04,1
74.059,1
74.08,1
74.099,1
74.12001,1
74.14,1
74.16001,1
74.18,1
74.2,1
74.22,1
74.24,1
74.26,1
74.28,1
74.30001,1
74.319,1
74.34,1
74.359,1
74.38,1
74.399,1
74.42,1
74.44001,1
74.46,1
74.48001,1
74.5,1
74.52,1
74.54,1
74.56,1
74.58,1
74.6,1
74.61901,1
74.64,1
74.659,1
74.68,1
74.699,1
74.72,1
74.739,1
74.76,1
74.78,1
74.80001,1
74.82,1
74.84,1
74.86,1
74.88,1
74.9,1
74.92,1
74.94001,1
74.959,1
74.98001,1
74.999,1
75.02,1
75.039,1
75.06,1
75.08,1
75.1,1
75.12001,1
75.14,1
75.16001,1
75.18,1
75.2,1
75.22,1
75.24,1
75.25901,1
75.28,1
75.29901,1
75.32,1
75.339,1
75.36,1
75.379,1
75.4,1
75.42,1
75.44001,1
75.46,1
75.48001,1
75.5,1
75.52,1
75.54,1
75.56,1
75.58,1
75.599,1
75.62001,1
75.639,1
75.66001,1
75.679,1
75.7,1
75.72,1
75.74,1
75.76,1
75.78,1
75.80001,1
75.82,1
75.84,1
75.86,1
75.88,1
75.899,1
75.92,1
75.93901,1
75.96,1
75.979,1
76.0,1
76.019,1
76.04,1
76.06,1
76.08,1
76.1,1
76.12001,1
76.14,1
76.16001,1
76.18,1
76.2,1
76.22,1
76.239,1
76.26,1
76.279,1
76.30001,1
76.319,1
76.34,1
76.36,1
76.38,1
76.4,1
76.42,1
76.44001,1
76.46,1
76.48001,1
76.5,1
76.52,1
76.539,1
76.56,1
76.57901,1
76.6,1
76.61901,1
76.64,1
76.659,1
76.68,1
76.7,1
76.72,1
76.74,1
76.76,1
76.78,2
76.80001,2
76.82,2
76.84,2
76.86,2
76.879,2
76.9,2
76.919,2
76.94001,2
76.959,2
76.98001,2
77.0,2
77.02,2
77.04,2
77.06,2
77.08,2
77.1,2
77.12001,2
77.14,2
77.16001,2
77.179,2
77.2,2
77.219,2
77.24,2
77.25901,2
77.28,2
77.29901,2
77.32,2
77.34,2
77.36,2
77.38,2
77.4,2
77.42,2
77.44001,2
77.46,2
77.48001,2
77.5,2
77.519,2
77.54,2
77.559,2
77.58,2
77.599,2
77.62001,2
77.64,2
77.66001,2
77.68,2
77.7,2
77.72,2
77.74,2
77.76,2
77.78,2
77.80001,2
77.819,2
77.84,2
77.859,2
77.88,2
77.899,2
77.92,2
77.93901,2
77.96,2
77.98001,2
78.0,2
78.02,2
78.04,2
78.06,2
78.08,2
78.1,2
78.12001,2
78.14,2
78.159,2
78.18,2
78.199,2
78.22,2
78.239,2
78.26,2
78.28,2
78.30001,2
78.32,2
78.34,2
78.36,2
78.38,2
78.4,2
78.42,2
78.44001,2
78.459,2
78.48001,2
78.499,2
78.52,2
78.539,2
78.56,2
78.57901,2
78.6,2
78.62001,2
78.64,2
78.66001,2
78.68,2
78.7,2
78.72,2
78.74,2
78.76,2
78.78,2
78.79901,2
78.82,2
78.839,2
78.86,2
78.879,2
78.9,2
78.92,2
78.94001,2
78.96,2
78.98001,2
79.0,2
79.02,2
79.04,2
79.06,2
79.08,2
79.099,2
79.12001,2
79.139,2
79.16001,2
79.179,2
79.2,2
79.219,2
79.24,2
79.26,2
79.28,2
79.30001,2
79.32,2
79.34,2
79.36,2
79.38,2
79.4,2
79.42,2
79.43901,2
79.46,2
79.479,2
79.5,2
79.519,2
79.54,2
79.56,2
79.58,2
79.6,2
79.62001,2
79.64,2
79.66001,2
79.68,2
79.7,2
79.72,2
79.739,2
79.76,2
79.779,2
79.80001,2
79.819,2
79.84,2
79.859,2
79.88,2
79.9,2
79.92,2
79.94001,2
79.96,2
79.98001,2
80.0,2
80.02,2
80.04,2
80.06,2
80.07901,2
80.1,2
80.11901,2
80.14,2
80.159,2
80.18,2
80.2,2
80.22,2
80.24,2
80.26,2
80.28,2
80.30001,2
80.32,2
80.34,2
80.36,2
80.379,2
80.4,2
80.419,2
80.44001,2
80.459,2
80.48001,2
80.499,2
80.52,2
80.54,2
80.56,2
80.58,2
80.6,2
80.62001,2
80.64,2
80.66001,2
80.68,2
80.7,2
80.719,2
80.74,2
80.75901,2
80.78,2
80.79901,2
80.82,2
80.84,2
80.86,2
80.88,2
80.9,2
80.92,2
80.94001,2
80.96,2
80.98001,2
81.0,2
81.019,2
81.04,2
81.059,2
81.08,2
81.099,2
81.12001,2
81.139,2
81.16001,2
81.18,2
81.2,2
81.22,2
81.24,2
81.26,2
81.28,2
81.30001,2
81.32,2
81.34,2
81.359,2
81.38,2
81.399,2
81.42,2
81.43901,2
81.46,2
81.48001,2
81.5,2
81.52,2
81.54,2
81.56,2
81.58,2
81.6,2
81.62001,2
81.64,2
81.659,2
81.68,2
81.699,2
81.72,2
81.739,2
81.76,2
81.779,2
81.80001,2
81.82,2
81.84,2
81.86,2
81.88,2
81.9,2
81.92,2
81.94001,2
81.96,2
81.98001,2
81.999,2
82.02,2
82.039,2
82.06,2
82.07901,2
82.1,2
82.12001,2
82.14,2
82.16001,2
82.18,2
82.2,2
82.22,2
82.24,2
82.26,2
82.28,2
82.29901,2
82.32,2
82.339,2
82.36,2
82.379,2
82.4,2
82.419,2
82.44001,2
82.46,2
82.48001,2
82.5,2
82.52,2
82.54,2
82.56,2
82.58,2
82.6,2
82.62001,2
82.639,2
82.66001,2
82.679,2
82.7,2
82.719,2
82.74,2
82.76,2
82.78,2
82.80001,2
82.82,2
82.84,2
82.86,2
82.88,2
82.9,2
82.92,2
82.93901,2
82.96,2
82.979,2
83.0,2
83.019,2
83.04,2
83.059,2
83.08,2
83.1,2
83.12001,2
83.14,2
83.16001,2
83.18,2
83.2,2
83.22,2
83.24,2
83.26,2
83.279,2
83.30001,2
83.319,2
83.34,2
83.359,2
83.38,2
83.4,2
83.42,2
83.44001,2
83.46,2
83.48001,2
83.5,2
83.52,2
83.54,2
83.56,2
83.57901,2
83.6,2
83.61901,2
83.64,2
83.659,2
83.68,2
83.699,2
83.72,2
83.74,2
83.76,2
83.78,2
83.80001,2
83.82,2
83.84,2
83.86,2
83.88,2
83.9,2
83.919,2
83.94001,2
83.959,2
83.98001,2
83.999,2
84.02,2
84.04,2
84.06,2
84.08,2
84.1,2
84.12001,2
84.14,2
84.16001,2
84.18,2
84.2,2
84.219,2
84.24,2
84.25901,2
84.28,2
84.29901,2
84.32,2
84.339,2
84.36,2
84.38,2
84.4,2
84.42,2
84.44001,2
84.46,2
84.48001,2
84.5,2
84.52,2
84.54,2
84.559,2
84.58,2
84.599,2
84.62001,2
84.639,2
84.66001,2
84.68,2
84.7,2
84.72,2
84.74,2
84.76,2
84.78,2
84.80001,2
84.82,2
84.84,2
84.859,2
84.88,2
84.899,2
84.92,2
84.93901,2
84.96,2
84.979,2
85.0,2
85.02,2
85.04,2
85.06,2
85.08,2
85.1,2
85.12001,2
85.14,2
85.16001,2
85.18,2
85.199,2
85.22,2
85.239,2
85.26,2
85.279,2
85.30001,2
85.32,2
85.34,2
85.36,2
85.38,2
85.4,2
85.42,2
85.44001,2
85.46,2
85.48001,2
85.499,2
85.52,2
85.539,2
85.56,2
85.57901,2
85.6,2
85.61901,2
85.64,2
85.66001,2
85.68,2
85.7,2
85.72,2
85.74,2
85.76,2
85.78,2
85.80001,2
85.82,2
85.839,2
85.86,2
85.879,2
85.9,2
85.919,2
85.94001,2
85.96,2
85.98001,2
86.0,2
86.02,2
86.04,2
86.06,2
86.08,2
86.1,2
86.12001,2
86.139,2
86.16001,2
86.179,2
86.2,2
86.219,2
86.24,2
86.25901,2
86.28,2
86.30001,2
86.32,2
86.34,2
86.36,2
86.38,2
86.4,2
86.42,2
86.44001,2
86.46,2
86.479,2
86.5,2
86.519,2
86.54,2
86.559,2
86.58,2
86.6,2
86.62001,2
86.64,2
86.66001,2
86.68,2
86.7,2
86.72,2
86.74,2
86.76,2
86.779,2
86.80001,2
86.819,2
86.84,2
86.859,2
86.88,2
86.899,2
86.92,2
86.94001,2
86.96,2
86.98001,2
87.0,2
87.02,2
87.04,2
87.06,2
87.08,2
87.1,2
87.11901,2
87.14,2
87.159,2
87.18,2
87.199,2
87.22,2
87.24,2
87.26,2
87.28,2
87.30001,2
87.32,2
87.34,2
87.36,2
87.38,2
87.4,2
87.419,2
87.44001,2
87.459,2
87.48001,2
87.499,2
87.52,2
87.539,2
87.56,2
87.58,2
87.6,2
87.62001,2
87.64,2
87.66001,2
87.68,2
87.7,2
87.72,2
87.74,2
87.75901,2
87.78,2
87.79901,2
87.82,2
87.839,2
87.86,2
87.88,2
87.9,2
87.92,2
87.94001,2
87.96,2
87.98001,2
88.0,2
88.02,2
88.04,2
88.059,2
88.08,2
88.099,2
88.12001,2
88.139,2
88.16001,2
88.179,2
88.2,2
88.22,2
88.24,2
88.26,2
88.28,2
88.30001,2
88.32,2
88.34,2
88.36,2
88.38,2
88.399,2
88.42,2
88.43901,2
88.46,2
88.479,2
88.5,2
88.52,2
88.54,2
88.56,2
88.58,2
88.6,2
88.62001,2
88.64,2
88.66001,2
88.68,2
88.699,2
88.72,2
88.739,2
88.76,2
88.779,2
88.80001,2
88.819,2
88.84,2
88.86,2
88.88,2
88.9,2
88.92,2
88.94001,2
88.96,2
88.98001,2
89.0,2
89.02,2
89.039,2
89.06,2
89.07901,2
89.1,2
89.11901,2
89.14,2
89.16001,2
89.18,2
89.2,2
89.22,2
89.24,2
89.26,2
89.28,2
89.30001,2
89.32,2
89.339,2
89.36,2
89.379,2
89.4,2
89.419,2
89.44001,2
89.459,2
89.48001,2
89.5,2
89.52,2
89.54,2
89.56,2
89.58,2
89.6,2
89.62001,2
89.64,2
89.66001,2
89.679,2
89.7,2
89.719,2
89.74,2
89.75901,2
89.78,2
89.80001,2
89.82,2
89.84,2
89.86,2
89.88,2
89.9,2
89.92,2
89.94001,2
89.96,2
89.979,2
90.0,2
90.019,2
90.04,2
90.059,2
90.08,2
90.099,2
90.12001,2
90.14,2
90.16001,2
90.18,2
90.2,2
90.22,2
90.24,2
90.26,2
90.28,2
90.30001,2
90.319,2
90.34,2
90.359,2
90.38,2
90.399,2
90.42,2
90.44001,2
90.46,2
90.48001,2
90.5,2
90.52,2
90.54,2
90.56,2
90.58,2
90.6,2
90.61901,2
90.64,2
90.659,2
90.68,2
90.699,2
90.72,2
90.739,2
90.76,2
90.78,2
90.80001,2
90.82,2
90.84,2
90.86,2
90.88,2
90.9,2
90.92,2
90.94001,2
90.959,2
90.98001,2
90.999,2
91.02,2
91.039,2
91.06,2
91.08,2
91.1,2
91.12001,2
91.14,2
91.16001,2
91.18,2
91.2,2
91.22,2
91.24,2
91.25901,2
91.28,2
91.29901,2
91.32,2
91.339,2
91.36,2
91.379,2
91.4,2
91.42,2
91.44001,2
91.46,2
91.48001,2
91.5,2
91.52,2
91.54,2
91.56,2
91.58,2
91.599,2
91.62001,2
91.639,2
91.66001,2
91.679,2
91.7,2
91.72,2
91.74,2
91.76,2
91.78,2
91.80001,2
91.82,2
91.84,2
91.86,2
91.88,2
91.899,2
91.92,2
91.93901,2
91.96,2
91.979,2
92.0,2
92.019,2
92.04,2
92.06,2
92.08,2
92.1,2
92.12001,2
92.14,2
92.16001,2
92.18,2
92.2,2
92.22,2
92.239,2
92.26,2
92.279,2
92.30001,2
92.319,2
92.34,2
92.36,2
92.38,2
92.4,2
92.42,2
92.44001,2
92.46,2
92.48001,2
92.5,2
92.52,2
92.539,2
92.56,2
92.57901,2
92.6,2
92.61901,2
92.64,2
92.659,2
92.68,2
92.7,2
92.72,2
92.74,2
92.76,2
92.78,2
92.80001,2
92.82,2
92.84,2
92.86,2
92.879,2
92.9,2
92.919,2
92.94001,2
92.959,2
92.98001,2
93.0,2
93.02,2
93.04,2
93.06,2
93.08,2
93.1,2
93.12001,2
93.14,2
93.16001,2
93.179,2
93.2,2
93.219,2
93.24,2
93.25901,2
93.28,2
93.29901,2
93.32,2
93.34,2
93.36,2
93.38,2
93.4,2
93.42,2
93.44001,2
93.46,2
93.48001,2
93.5,2
93.519,2
93.54,2
93.559,2
93.58,2
93.599,2
93.62001,2
93.64,2
93.66001,2
93.68,2
93.7,2
93.72,2
93.74,2
93.76,2
93.78,2
93.80001,2
93.819,2
93.84,2
93.859,2
93.88,2
93.899,2
93.92,2
93.93901,2
93.96,2
93.98001,2
94.0,2
94.02,2
94.04,2
94.06,2
94.08,2
94.1,2
94.12001,2
94.14,2
94.159,2
94.18,2
94.199,2
94.22,2
94.239,2
94.26,2
94.28,2
94.30001,2
94.32,2
94.34,2
94.36,2
94.38,2
94.4,2
94.42,2
94.44001,2
94.459,2
94.48001,2
94.499,2
94.52,2
94.539,2
94.56,2
94.57901,2
94.6,2
94.62001,2
94.64,2
94.66001,2
94.68,2
94.7,2
94.72,2
94.74,2
94.76,2
94.78,2
94.79901,2
94.82,2
94.839,2
94.86,2
94.879,2
94.9,2
94.92,2
94.94001,2
94.96,2
94.98001,2
95.0,2
95.02,2
95.04,2
95.06,2
95.08,2
95.099,2
95.12001,2
95.139,2
95.16001,2
95.179,2
95.2,2
95.219,2
95.24,2
95.26,2
95.28,2
95.30001,2
95.32,2
95.34,2
95.36,2
95.38,2
95.4,2
95.42,2
95.43901,2
95.46,2
95.479,2
95.5,2
95.519,2
95.54,2
95.56,2
95.58,2
95.6,2
95.62001,2
95.64,2
95.66001,2
95.68,2
95.7,2
95.72,2
95.739,2
95.76,2
95.779,2
95.80001,2
95.819,2
95.84,2
95.859,2
95.88,2
95.9,2
95.92,2
95.94001,2
95.96,2
95.98001,2
96.0,2
96.02,2
96.04,2
96.06,2
96.07901,2
96.1,2
96.11901,2
96.14,2
96.159,2
96.18,2
96.2,2
96.22,2
96.24,2
96.26,2
96.28,2
96.30001,2
96.32,2
96.34,2
96.36,2
96.379,2
96.4,2
96.419,2
96.44001,2
96.459,2
96.48001,2
96.499,2
96.52,2
96.54,2
96.56,2
96.58,2
96.6,2
96.62001,2
96.64,2
96.66001,2
96.68,2
96.7,2
96.719,2
96.74,2
96.75901,2
96.78,2
96.79901,2
96.82,2
96.84,2
96.86,2
96.88,2
96.9,2
96.92,2
96.94001,2
96.96,2
96.98001,2
97.0,2
97.019,2
97.04,2
97.059,2
97.08,2
97.099,2
97.12001,2
97.139,2
97.16001,2
97.18,2
97.2,2
97.22,2
97.24,2
97.26,2
97.28,2
97.30001,2
97.32,2
97.34,2
97.359,2
97.38,2
97.399,2
97.42,2
97.43901,2
97.46,2
97.48001,2
97.5,2
97.52,2
97.54,2
97.56,2
97.58,2
97.6,2
97.62001,2
97.64,2
97.659,2
97.68,2
97.699,2
97.72,2
97.739,2
97.76,2
97.779,2
97.80001,2
97.82,2
97.84,2
97.86,2
97.88,2
97.9,2
97.92,2
97.94001,2
97.96,2
97.98001,2
97.999,2
98.02,2
98.039,2
98.06,2
98.07901,2
98.1,2
98.12001,2
98.14,2
98.16001,2
98.18,2
98.2,2
98.22,2
98.24,2
98.26,2
98.28,2
98.29901,2
98.32,2
98.339,2
98.36,2
98.379,2
98.4,2
98.419,2
98.44001,2
98.46,2
98.48001,2
98.5,2
98.52,2
98.54,2
98.56,2
98.58,2
98.6,2
98.62001,2
98.639,2
98.66001,2
98.679,2
98.7,2
98.719,2
98.74,2
98.76,2
98.78,2
98.80001,2
98.82,2
98.84,2
98.86,2
98.88,2
98.9,2
98.92,2
98.93901,2
98.96,2
98.979,2
99.0,2
99.019,2
99.04,2
99.059,2
99.08,2
99.1,2
99.12001,2
99.14,2
99.16001,2
99.18,2
99.2,2
99.22,2
99.24,2
99.26,2
99.279,2
99.30001,2
99.319,2
99.34,2
99.359,2
99.38,2
99.4,2
99.42,2
99.44001,2
99.46,2
99.48001,2
99.5,2
99.52,2
99.54,2
99.56,2
99.57901,2
99.6,2
99.61901,2
99.64,2
99.659,2
99.68,2
99.699,2
99.72,2
99.74,2
99.76,2
99.78,2
99.80001,2
99.82,2
99.84,2
99.86,2
99.88,2
99.9,2
99.919,2
99.94001,2
99.959,2
99.98001,2
99.999,2
100.02,2
100.04,2
100.06,2
100.08,2
100.1,2
100.12001,2
100.14,2
100.16001,2
100.18,2
100.2,2
100.219,2
100.24,2
100.25901,2
100.28,2
100.29901,2
100.32,2
100.339,2
100.36,2
100.38,2
100.4,2
100.42,2
100.44001,2
100.46,2
100.48001,2
100.5,2
100.52,2
100.54,2
100.559,2
100.58,2
100.599,2
100.62001,2
100.639,2
100.66001,2
100.68,2
100.7,2
100.72,2
100.74,2
100.76,2
100.78,2
100.80001,2
100.82,2
100.84,2
100.859,2
100.88,2
100.899,2
100.92,2
100.93901,2
100.96,2
100.979,2
101.0,2
101.02,2
101.04,2
101.06,2
101.08,2
101.1,2
101.12001,2
101.14,2
101.16001,2
101.18,2
101.199,2
101.22,2
101.239,2
101.26,2
101.279,2
101.30001,2
101.32,2
101.34,2
101.36,2
101.38,2
101.4,2
101.42,2
101.44001,2
101.46,2
101.48001,2
101.499,2
101.52,2
101.539,2
101.56,2
101.57901,2
101.6,2
101.61901,2
101.64,2
101.66001,2
101.68,2
101.7,2
101.72,2
101.74,2
101.76,2
101.78,2
101.80001,2
101.82,2
101.839,2
101.86,2
101.879,2
101.9,2
101.919,2
101.94001,2
101.96,2
101.98001,2
102.0,2
102.02,2
102.04,2
102.06,2
102.08,2
102.1,2
102.12001,2
102.139,2
102.16001,2
102.179,2
102.2,2
102.219,2
102.24,2
102.25901,2
102.28,2
102.30001,2
102.32,2
102.34,2
102.36,2
102.38,2
102.4,2
102.42,2
102.44001,2
102.46,2
102.479,2
102.5,2
102.519,2
102.54,2
102.559,2
102.58,2
102.6,2
102.62001,2
102.64,2
102.66001,2
102.68,2
102.7,2
102.72,2
102.74,2
102.76,2
102.779,2
102.80001,2
102.819,2
102.84,2
102.859,2
102.88,2
102.899,2
102.92,2
102.94001,2
102.96,2
102.98001,2
103.0,2
103.02,2
103.04,2
103.06,2
103.08,2
103.1,2
103.11901,2
103.14,2
103.159,2
103.18,2
103.199,2
103.22,2
103.24,2
103.26,2
103.28,2
103.30001,2
103.32,2
103.34,2
103.36,2
103.38,2
103.4,2
103.419,2
103.44001,2
103.459,2
103.48001,2
103.499,2
103.52,2
103.539,2
103.56,2
103.58,2
103.6,2
103.62001,2
103.64,2
103.66001,2
103.68,2
103.7,2
103.72,2
103.74,2
103.75901,2
103.78,2
103.79901,2
103.82,2
103.839,2
103.86,2
103.88,2
103.9,2
103.92,2
103.94001,2
103.96,2
103.98001,2
104.0,2
104.02,2
104.04,2
104.059,2
104.08,2
104.099,2
104.12001,2
104.139,2
104.16001,2
104.179,2
104.2,2
104.22,2
104.24,2
104.26,2
104.28,2
104.30001,2
104.32,2
104.34,2
104.36,2
104.38,2
104.399,2
104.42,2
104.43901,2
104.46,2
104.479,2
104.5,2
104.52,2
104.54,2
104.56,2
104.58,2
104.6,2
104.62001,2
104.64,2
104.66001,2
104.68,2
104.699,2
104.72,2
104.739,2
104.76,2
104.779,2
104.80001,2
104.819,2
104.84,2
104.86,2
104.88,2
104.9,2
104.92,2
104.94001,2
104.96,2
104.98001,2
105.0,2
105.02,2
105.039,2
105.06,2
105.07901,2
105.1,2
105.11901,2
105.14,2
105.16001,2
105.18,2
105.2,2
105.22,2
105.24,2
105.26,2
105.28,2
105.30001,2
105.32,2
105.339,2
105.36,2
105.379,2
105.4,2
105.419,2
105.44001,2
105.459,2
105.48001,2
105.5,2
105.52,2
105.54,2
105.56,2
105.58,2
105.6,2
105.62001,2
105.64,2
105.66001,2
105.679,2
105.7,2
105.719,2
105.74,2
105.75901,2
105.78,2
105.80001,2
105.82,2
105.84,2
105.86,2
105.88,2
105.9,2
105.92,2
105.94001,2
105.96,2
105.979,2
106.0,2
106.019,2
106.04,2
106.059,2
106.08,2
106.099,2
106.12001,2
106.14,2
106.16001,2
106.18,2
106.2,2
106.22,2
106.24,2
106.26,2
106.28,2
106.30001,2
106.319,2
106.34,2
106.359,2
106.38,2
106.399,2
106.42,2
106.44001,2
106.46,2
106.48001,2
106.5,2
106.52,2
106.54,2
106.56,2
106.58,2
106.6,2
106.61901,2
106.64,2
106.659,2
106.68,2
106.699,2
106.72,2
106.739,2
106.76,2
106.78,2
106.80001,2
106.82,2
106.84,2
106.86,2
106.88,2
106.9,2
106.92,2
106.94001,2
106.959,2
106.98001,2
106.999,2
107.02,2
107.039,2
107.06,2
107.08,2
107.1,2
107.12001,2
107.14,2
107.16001,2
107.18,2
107.2,2
107.22,2
107.24,2
107.25901,2
107.28,2
107.29901,2
107.32,2
107.339,2
107.36,2
107.379,2
107.4,2
107.42,2
107.44001,2
107.46,2
107.48001,2
107.5,2
107.52,2
107.54,2
107.56,2
107.58,2
107.599,2
107.62001,2
107.639,2
107.66001,2
107.679,2
107.7,2
107.72,2
107.74,2
107.76,2
107.78,2
107.80001,2
107.82,2
107.84,2
107.86,2
107.88,2
107.899,2
107.92,2
107.93901,2
107.96,2
107.979,2
108.0,2
108.019,2
108.04,2
108.06,2
108.08,2
108.1,2
108.12001,2
108.14,2
108.16001,2
108.18,2
108.2,2
108.22,2
108.239,2
108.26,2
108.279,2
108.30001,2
108.319,2
108.34,2
108.36,2
108.38,2
108.4,2
108.42,2
108.44001,2
108.46,2
108.48001,2
108.5,2
108.52,2
108.539,2
108.56,2
108.57901,2
108.6,2
108.61901,2
108.64,2
108.659,2
108.68,2
108.7,2
108.72,2
108.74,2
108.76,2
108.78,2
108.80001,2
108.82,2
108.84,2
108.86,2
108.879,2
108.9,2
108.919,2
108.94001,2
108.959,2
108.98001,2
109.0,2
109.02,2
109.04,2
109.06,2
109.08,2
109.1,2
109.12001,2
109.14,2
109.16001,2
109.179,2
109.2,2
109.219,2
109.24,2
109.25901,2
109.28,2
109.29901,2
109.32,2
109.34,2
109.36,2
109.38,2
109.4,2
109.42,2
109.44001,2
109.46,2
109.48001,2
109.5,2
109.519,2
109.54,2
109.559,2
109.58,2
109.599,2
109.62001,2
109.64,2
109.66001,2
109.68,2
109.7,2
109.72,2
109.74,2
109.76,2
109.78,2
109.80001,2
109.819,2
109.84,2
109.859,2
109.88,2
109.899,2
109.92,2
109.93901,2
109.96,2
109.98001,2
110.0,2
110.02,2
110.04,2
110.06,2
110.08,2
110.1,2
110.12001,2
110.14,2
110.159,2
110.18,2
110.199,2
110.22,2
110.239,2
110.26,2
110.28,2
110.30001,2
110.32,2
110.34,2
110.36,2
110.38,2
110.4,2
110.42,2
110.44001,2
110.459,2
110.48001,2
110.499,2
110.52,2
110.539,2
110.56,2
110.57901,2
110.6,2
110.62001,2
110.64,2
110.66001,2
110.68,2
110.7,2
110.72,2
110.74,2
110.76,2
110.78,2
110.79901,2
110.82,2
110.839,2
110.86,2
110.879,2
110.9,2
110.92,2
110.94001,2
110.96,2
110.98001,2
111.0,2
111.02,2
111.04,2
111.06,2
111.08,2
111.099,2
111.12001,2
111.139,2
111.16001,2
111.179,2
111.2,2
111.219,2
111.24,2
111.26,2
111.28,2
111.30001,2
111.32,2
111.34,2
111.36,2
111.38,2
111.4,2
111.42,2
111.43901,2
111.46,2
111.479,2
111.5,2
111.519,2
111.54,2
111.56,2
111.58,2
111.6,2
111.62001,2
111.64,2
111.66001,2
111.68,2
111.7,2
111.72,2
111.739,2
111.76,2
111.779,2
111.80001,2
111.819,2
111.84,2
111.859,2
111.88,2
111.9,2
111.92,2
111.94001,2
111.96,2
111.98001,2
112.0,2
112.02,2
112.04,2
112.06,2
112.07901,2
112.1,2
112.11901,2
112.14,2
112.159,2
112.18,2
112.2,2
112.22,2
112.24,2
112.26,2
112.28,2
112.30001,2
112.32,2
112.34,2
112.36,2
112.379,2
112.4,2
112.419,2
112.44001,2
112.459,2
112.48001,2
112.499,2
112.52,2
112.54,2
112.56,2
112.58,2
112.6,2
112.62001,2
112.64,2
112.66001,2
112.68,2
112.7,2
112.719,2
112.74,2
112.75901,2
112.78,2
112.79901,2
112.82,2
112.84,2
112.86,2
112.88,2
112.9,2
112.92,2
112.94001,2
112.96,2
112.98001,2
113.0,2
113.019,2
113.04,2
113.059,2
113.08,2
113.099,2
113.12001,2
113.139,2
113.16001,2
113.18,2
113.2,2
113.22,2
113.24,2
113.26,2
113.28,2
113.30001,2
113.32,2
113.34,2
113.359,2
113.38,2
113.399,2
113.42,2
113.43901,2
113.46,2
113.48001,2
113.5,2
113.52,2
113.54,2
113.56,2
113.58,2
113.6,2
113.62001,2
113.64,2
113.659,2
113.68,2
113.699,2
113.72,2
113.739,2
113.76,2
113.779,2
113.80001,2
113.82,2
113.84,2
113.86,2
113.88,2
113.9,2
113.92,2
113.94001,2
113.96,2
113.98001,2
113.999,2
114.02,2
114.039,2
114.06,2
114.07901,2
114.1,2
114.12001,2
114.14,2
114.16001,2
114.18,2
114.2,2
114.22,2
114.24,2
114.26,2
114.28,2
114.29901,2
114.32,2
114.339,2
114.36,2
114.379,2
114.4,2
114.419,2
114.44001,2
114.46,2
114.48001,2
114.5,2
114.52,2
114.54,2
114.56,2
114.58,2
114.6,2
114.62001,2
114.639,2
114.66001,2
114.679,2
114.7,2
114.719,2
114.74,2
114.76,2
114.78,2
114.80001,2
114.82,2
114.84,2
114.86,2
114.88,2
114.9,2
114.92,2
114.93901,2
114.96,2
114.979,2
115.0,2
115.019,2
115.04,2
115.059,2
115.08,2
115.1,2
115.12001,2
115.14,2
115.16001,2
115.18,2
115.2,2
115.22,2
115.24,2
115.26,2
115.279,2
115.30001,2
115.319,2
115.34,2
115.359,2
115.38,2
115.4,2
115.42,2
115.44001,2
115.46,2
115.48001,2
115.5,2
115.52,2
115.54,2
115.56,2
115.57901,2
115.6,2
115.61901,2
115.64,2
115.659,2
115.68,2
115.699,2
115.72,2
115.74,2
115.76,2
115.78,2
115.80001,2
115.82,2
115.84,2
115.86,2
115.88,2
115.9,2
115.919,2
115.94001,2
115.959,2
115.98001,2
115.999,2
116.02,2
116.04,2
116.06,2
116.08,2
116.1,2
116.12001,2
116.14,2
116.16001,2
116.18,2
116.2,2
116.219,2
116.24,2
116.25901,2
116.28,2
116.29901,2
116.32,2
116.339,2
116.36,2
116.38,2
116.4,2
116.42,2
116.44001,2
116.46,2
116.48001,2
116.5,2
116.52,2
116.54,2
116.559,2
116.58,2
116.599,2
116.62001,2
116.639,2
116.66001,2
116.68,2
116.7,2
116.72,2
116.74,2
116.76,2
116.78,2
116.80001,2
116.82,2
116.84,2
116.859,2
116.88,2
116.899,2
116.92,2
116.93901,2
116.96,2
116.979,2
117.0,2
117.02,2
117.04,2
117.06,2
117.08,2
117.1,2
117.12001,2
117.14,2
117.16001,2
117.18,2
117.199,2
117.22,2
117.239,2
117.26,2
117.279,2
117.30001,2
117.32,2
117.34,2
117.36,2
117.38,2
117.4,2
117.42,2
117.44001,2
117.46,2
117.48001,2
117.499,2
117.52,2
117.539,2
117.56,2
117.57901,2
117.6,2
117.61901,2
117.64,2
117.66001,2
117.68,2
117.7,2
117.72,2
117.74,2
117.76,2
117.78,2
117.80001,2
117.82,2
117.839,2
117.86,2
117.879,2
117.9,2
117.919,2
117.94001,2
117.96,2
117.98001,2
118.0,2
118.02,2
118.04,2
118.06,2
118.08,2
118.1,2
118.12001,2
118.139,2
118.16001,2
118.179,2
118.2,2
118.219,2
118.24,2
118.25901,2
118.28,2
118.30001,2
118.32,2
118.34,2
118.36,2
118.38,2
118.4,2
118.42,2
118.44001,2
118.46,2
118.479,2
118.5,2
118.519,2
118.54,2
118.559,2
118.58,2
118.6,2
118.62001,2
118.64,2
118.66001,2
118.68,2
118.7,2
118.72,2
118.74,2
118.76,2
118.779,2
118.80001,2
118.819,2
118.84,2
118.859,2
118.88,2
118.899,2
118.92,2
118.94001,2
118.96,2
118.98001,2
119.0,2
119.02,2
119.04,2
119.06,2
119.08,2
119.1,2
119.11901,2
119.14,2
119.159,2
119.18,2
119.199,2
119.22,2
119.24,2
119.26,2
119.28,2
119.30001,2
119.32,2
119.34,2
119.36,2
119.38,2
119.4,2
119.419,2
119.44001,2
119.459,2
119.48001,2
119.499,2
119.52,2
119.539,2
119.56,2
119.58,2
119.6,2
119.62001,2
119.64,2
119.66001,2
119.68,2
119.7,2
119.72,2
119.74,2
119.75901,2
119.78,2
119.79901,2
119.82,2
119.839,2
119.86,2
119.88,2
119.9,2
119.92,2
119.94001,2
119.96,2
119.98001,2
120.0,2
120.02,2
120.04,2
120.059,2
120.08,2
120.099,2
120.12001,2
120.139,2
120.16001,2
120.179,2
120.2,2
120.22,2
120.24,2
120.26,2
120.28,2
120.30001,2
120.32,2
120.34,2
120.36,2
120.38,2
120.399,2
120.42,2
120.43901,2
120.46,2
120.479,2
120.5,2
120.52,2
120.54,2
120.56,2
120.58,2
120.6,2
120.62001,2
120.64,2
120.66001,2
120.68,2
120.699,2
120.72,2
120.739,2
120.76,2
120.779,2
120.80001,2
120.819,2
120.84,2
120.86,2
120.88,2
120.9,2
120.92,2
120.94001,2
120.96,2
120.98001,2
121.0,2
121.02,2
121.039,2
121.06,2
121.07901,2
121.1,2
121.11901,2
121.14,2
121.16001,2
121.18,2
121.2,2
121.22,2
121.24,2
121.26,2
121.28,2
121.30001,2
121.32,2
121.339,2
121.36,2
121.379,2
121.4,2
121.419,2
121.44001,2
121.459,2
121.48001,2
121.5,2
121.52,2
121.54,2
121.56,2
121.58,2
121.6,2
121.62001,2
121.64,2
121.66001,2
121.679,2
121.7,2
121.719,2
121.74,2
121.75901,2
121.78,2
121.80001,2
121.82,2
121.84,2
121.86,2
121.88,2
121.9,2
121.92,2
121.94001,2
121.96,2
121.979,2
122.0,2
122.019,2
122.04,2
122.059,2
122.08,2
122.099,2
122.12001,2
122.14,2
122.16001,2
122.18,2
122.2,2
122.22,2
122.24,2
122.26,2
122.28,2
122.30001,2
122.319,2
122.34,2
122.359,2
122.38,2
122.399,2
122.42,2
122.44001,2
122.46,2
122.48001,2
122.5,2
122.52,2
122.54,2
122.56,2
122.58,2
122.6,2
122.61901,2
122.64,2
122.659,2
122.68,2
122.699,2
122.72,2
122.739,2
122.76,2
122.78,2
122.80001,2
122.82,2
122.84,2
122.86,2
122.88,2
122.9,2
122.92,2
122.94001,2
122.959,2
122.98001,2
122.999,2
123.02,2
123.039,2
123.06,2
123.08,2
123.1,2
123.12001,2
123.14,2
123.16001,2
123.18,2
123.2,2
123.22,2
123.24,2
123.25901,2
123.28,2
123.29901,2
123.32,2
123.339,2
123.36,2
123.379,2
123.4,2
123.42,2
123.44001,2
123.46,2
123.48001,2
123.5,2
123.52,2
123.54,2
123.56,2
123.58,2
123.599,2
123.62001,2
123.639,2
123.66001,2
123.679,2
123.7,2
123.72,2
123.74,2
123.76,2
123.78,2
123.80001,2
123.82,2
123.84,2
123.86,2
123.88,2
123.899,2
123.92,2
123.93901,2
123.96,2
123.979,2
124.0,2
124.019,2
124.04,2
124.06,2
124.08,2
124.1,2
124.12001,2
124.14,2
124.16001,2
124.18,2
124.2,2
124.22,2
124.239,2
124.26,2
124.279,2
124.30001,2
124.319,2
124.34,2
124.36,2
124.38,2
124.4,2
124.42,2
124.44001,2
124.46,2
124.48001,2
124.5,2
124.52,2
124.539,2
124.56,2
124.57901,2
124.6,2
124.61901,2
124.64,2
124.659,2
124.68,2
124.7,2
124.72,2
124.74,2
124.76,2
124.78,2
124.80001,2
124.82,2
124.84,2
124.86,2
124.879,2
124.9,2
124.919,2
124.94001,2
124.959,2
124.98001,2
125.0,2
125.02,2
125.04,2
125.06,2
125.08,2
125.1,2
125.12001,2
125.14,2
125.16001,2
125.179,2
125.2,2
125.219,2
125.24,2
125.25901,2
125.28,2
125.29901,2
125.32,2
125.34,2
125.36,2
125.38,2
125.4,2
125.42,2
125.44001,2
125.46,2
125.48001,2
125.5,2
125.519,2
125.54,2
125.559,2
125.58,2
125.599,2
125.62001,2
125.64,2
125.66001,2
125.68,2
125.7,2
125.72,2
125.74,2
125.76,2
125.78,2
125.80001,2
125.819,2
125.84,2
125.859,2
125.88,2
125.899,2
125.92,2
125.93901,2
125.96,2
125.98001,2
126.0,2
126.02,2
126.04,2
126.06,2
126.08,2
126.1,2
126.12001,2
126.14,2
126.159,2
126.18,2
126.199,2
126.22,2
126.239,2
126.26,2
126.28,2
126.30001,2
126.32,2
126.34,2
126.36,2
126.38,2
126.4,2
126.42,2
126.44001,2
126.459,2
126.48001,2
126.499,2
126.52,2
126.539,2
126.56,2
126.57901,2
126.6,2
126.62001,2
126.64,2
126.66001,2
126.68,2
126.7,2
126.72,2
126.74,2
126.76,2
126.78,2
126.79901,2
126.82,2
126.839,2
126.86,2
126.879,2
126.9,2
126.92,2
126.94001,2
126.96,2
126.98001,2
127.0,2
127.02,2
127.04,2
127.06,2
127.08,2
127.099,2
127.12001,2
127.139,2
127.16001,2
127.179,2
127.2,2
127.219,2
127.24,2
127.26,2
127.28,2
127.30001,2
127.32,2
127.34,2
127.36,2
127.38,2
127.4,2
127.42,2
127.43901,2
127.46,2
127.479,2
127.5,2
127.519,2
127.54,2
127.56,2
127.58,2
127.6,2
127.62001,2
127.64,2
127.66001,2
127.68,2
127.7,2
127.72,2
127.739,2
127.76,2
127.779,2
127.80001,2
127.819,2
127.84,2
127.859,2
127.88,2
127.9,2
127.92,2
127.94001,2
127.96,2
127.98001,2
128.0,2
128.02,2
128.03999,2
128.05999,2
128.07899,2
128.1,2
128.119,2
128.13999,2
128.15899,2
128.17999,2
128.19999,2
128.22,2
128.24,2
128.25999,2
128.27999,2
128.3,2
128.32,2
128.33999,2
128.36,2
128.37899,2
128.39999,2
128.419,2
128.44,2
128.45899,2
128.47999,2
128.49899,2
128.52,2
128.53999,2
128.55999,2
128.58,2
128.6,2
128.61999,2
128.63999,2
128.66,2
128.67999,2
128.69999,2
128.71899,2
128.74,2
128.759,2
128.77999,2
128.79899,2
128.82,2
128.83999,2
128.86,2
128.88,2
128.89999,2
128.91999,2
128.94,2
128.96,2
128.97999,2
129.0,2
129.01899,2
129.03999,2
129.059,2
129.08,2
129.09899,2
129.11999,2
129.139,2
129.16,2
129.17999,2
129.19999,2
129.22,2
129.24,2
129.25999,2
129.27999,2
129.3,2
129.32,2
129.33999,2
129.35899,2
129.38,2
129.399,2
129.41999,2
129.43899,2
129.46,2
129.47999,2
129.5,2
129.52,2
129.53999,2
129.55999,2
129.58,2
129.6,2
129.61999,2
129.63999,2
129.65899,2
129.67999,2
129.699,2
129.72,2
129.73899,2
129.75999,2
129.779,2
129.8,2
129.82,2
129.83999,2
129.86,2
129.88,2
129.89999,2
129.91999,2
129.94,2
129.96,2
129.97999,2
129.99899,2
130.02,2
130.039,2
130.05999,2
130.07899,2
130.1,2
130.11999,2
130.13999,2
130.16,2
130.17999,2
130.19999,2
130.22,2
130.24,2
130.25999,2
130.27999,2
130.29899,2
130.32,2
130.339,2
130.36,2
130.37899,2
130.39999,2
130.419,2
130.44,2
130.46,2
130.47999,2
130.5,2
130.52,2
130.53999,2
130.55999,2
130.58,2
130.6,2
130.61999,2
130.639,2
130.66,2
130.679,2
130.69999,2
130.71899,2
130.74,2
130.75999,2
130.77999,2
130.8,2
130.82,2
130.83999,2
130.86,2
130.88,2
130.89999,2
130.91999,2
130.93899,2
130.96,2
130.979,2
131.0,2
131.01899,2
131.03999,2
131.059,2
131.08,2
131.1,2
131.11999,2
131.13999,2
131.16,2
131.17999,2
131.19999,2
131.22,2
131.24,2
131.25999,2
131.279,2
131.3,2
131.319,2
131.33999,2
131.35899,2
131.38,2
131.39999,2
131.41999,2
131.44,2
131.46,2
131.47999,2
131.5,2
131.52,2
131.53999,2
131.55999,2
131.57899,2
131.6,2
131.619,2
131.63999,2
131.65899,2
131.67999,2
131.699,2
131.72,2
131.74,2
131.75999,2
131.77999,2
131.8,2
131.82,2
131.83999,2
131.86,2
131.88,2
131.89999,2
131.919,2
131.94,2
131.95899,2
131.97999,2
131.99899,2
132.02,2
132.03999,2
132.05999,2
132.08,2
132.1,2
132.11999,2
132.13999,2
132.16,2
132.17999,2
132.19999,2
132.21899,2
132.24,2
132.259,2
132.27999,2
132.29899,2
132.32,2
132.339,2
132.36,2
132.38,2
132.39999,2
132.41999,2
132.44,2
132.46,2
132.47999,2
132.5,2
132.52,2
132.53999,2
132.559,2
132.58,2
132.59899,2
132.61999,2
132.639,2
132.66,2
132.67999,2
132.69999,2
132.72,2
132.74,2
132.75999,2
132.77999,2
132.8,2
132.82,2
132.83999,2
132.85899,2
132.88,2
132.899,2
132.91999,2
132.93899,2
132.96,2
132.979,2
133.0,2
133.02,2
133.03999,2
133.05999,2
133.08,2
133.1,2
133.11999,2
133.13999,2
133.16,2
133.17999,2
133.199,2
133.22,2
133.23899,2
133.25999,2
133.279,2
133.3,2
133.32,2
133.33999,2
133.36,2
133.38,2
133.39999,2
133.41999,2
133.44,2
133.46,2
133.47999,2
133.49899,2
133.52,2
133.539,2
133.55999,2
133.57899,2
133.6,2
133.619,2
133.63999,2
133.66,2
133.67999,2
133.69999,2
133.72,2
133.74,2
133.75999,2
133.77999,2
133.8,2
133.82,2
133.839,2
133.86,2
133.87899,2
133.89999,2
133.919,2
133.94,2
133.96,2
133.97999,2
134.0,2
134.02,2
134.03999,2
134.05999,2
134.08,2
134.1,2
134.11999,2
134.139,2
134.16,2
134.179,2
134.19999,2
134.21899,2
134.24,2
134.259,2
134.27999,2
134.3,2
134.32,2
134.33999,2
134.36,2
134.38,2
134.39999,2
134.41999,2
134.44,2
134.46,2
134.479,2
134.5,2
134.51899,2
134.53999,2
134.559,2
134.58,2
134.6,2
134.61999,2
134.63999,2
134.66,2
134.67999,2
134.69999,2
134.72,2
134.74,2
134.75999,2
134.779,2
134.8,2
134.819,2
134.83999,2
134.85899,2
134.88,2
134.899,2
134.91999,2
134.94,2
134.96,2
134.97999,2
135.0,2
135.02,2
135.03999,2
135.05999,2
135.08,2
135.1,2
135.119,2
135.13999,2
135.15899,2
135.17999,2
135.199,2
135.22,2
135.24,2
135.25999,2
135.27999,2
135.3,2
135.32,2
135.33999,2
135.36,2
135.38,2
135.39999,2
135.419,2
135.44,2
135.45899,2
135.47999,2
135.49899,2
135.52,2
135.539,2
135.55999,2
135.58,2
135.6,2
135.61999,2
135.63999,2
135.66,2
135.67999,2
135.69999,2
135.72,2
135.74,2
135.759,2
135.77999,2
135.79899,2
135.82,2
135.839,2
135.86,2
135.88,2
135.89999,2
135.91999,2
135.94,2
135.96,2
135.97999,2
136.0,2
136.02,2
136.03999,2
136.059,2
136.08,2
136.09899,2
136.11999,2
136.139,2
136.16,2
136.179,2
136.19999,2
136.22,2
136.24,2
136.25999,2
136.27999,2
136.3,2
136.32,2
136.33999,2
136.36,2
136.38,2
136.399,2
136.41999,2
136.43899,2
136.46,2
136.479,2
136.5,2
136.52,2
136.53999,2
136.55999,2
136.58,2
136.6,2
136.61999,2
136.63999,2
136.66,2
136.67999,2
136.699,2
136.72,2
136.73899,2
136.75999,2
136.779,2
136.8,2
136.819,2
136.83999,2
136.86,2
136.88,2
136.89999,2
136.91999,2
136.94,2
136.96,2
136.97999,2
137.0,2
137.02,2
137.039,2
137.05999,2
137.07899,2
137.1,2
137.119,2
137.13999,2
137.16,2
137.17999,2
137.19999,2
137.22,2
137.24,2
137.25999,2
137.27999,2
137.3,2
137.32,2
137.339,2
137.36,2
137.37899,2
137.39999,2
137.419,2
137.44,2
137.45899,2
137.47999,2
137.5,2
137.52,2
137.53999,2
137.55999,2
137.58,2
137.6,2
137.61999,2
137.63999,2
137.66,2
137.679,2
137.69999,2
137.71899,2
137.74,2
137.759,2
137.77999,2
137.8,2
137.82,2
137.83999,2
137.86,2
137.88,2
137.89999,2
137.91999,2
137.94,2
137.96,2
137.979,2
138.0,2
138.01899,2
138.03999,2
138.059,2
138.08,2
138.09899,2
138.11999,2
138.13999,2
138.16,2
138.17999,2
138.19999,2
138.22,2
138.24,2
138.25999,2
138.27999,2
138.3,2
138.319,2
138.33999,2
138.35899,2
138.38,2
138.399,2
138.41999,2
138.44,2
138.46,2
138.47999,2
138.5,2
138.52,2
138.53999,2
138.55999,2
138.58,2
138.6,2
138.619,2
138.63999,2
138.65899,2
138.67999,2
138.699,2
138.72,2
138.73899,2
138.75999,2
138.77999,2
138.8,2
138.82,2
138.83999,2
138.86,2
138.88,2
138.89999,2
138.91999,2
138.94,2
138.95899,2
138.97999,2
138.99899,2
139.02,2
139.039,2
139.05999,2
139.08,2
139.1,2
139.11999,2
139.13999,2
139.16,2
139.17999,2
139.19999,2
139.22,2
139.24,2
139.259,2
139.27999,2
139.29899,2
139.32,2
139.339,2
139.36,2
139.37899,2
139.39999,2
139.41999,2
139.44,2
139.46,2
139.47999,2
139.5,2
139.52,2
139.53999,2
139.55999,2
139.58,2
139.59899,2
139.61999,2
139.639,2
139.66,2
139.679,2
139.69999,2
139.72,2
139.74,2
139.75999,2
139.77999,2
139.8,2
139.82,2
139.83999,2
139.86,2
139.88,2
139.899,2
139.91999,2
139.93899,2
139.96,2
139.979,2
140.0,2
140.01899,2
140.03999,2
140.05999,2
140.08,2
140.1,2
140.11999,2
140.13999,2
140.16,2
140.17999,2
140.19999,2
140.22,2
140.23899,2
140.25999,2
140.279,2
140.3,2
140.319,2
140.33999,2
140.36,2
140.38,2
140.39999,2
140.41999,2
140.44,2
140.46,2
140.47999,2
140.5,2
140.52,2
140.539,2
140.55999,2
140.57899,2
140.6,2
140.619,2
140.63999,2
140.65899,2
140.67999,2
140.69999,2
140.72,2
140.74,2
140.75999,2
140.77999,2
140.8,2
140.82,2
140.83999,2
140.86,2
140.87899,2
140.89999,2
140.919,2
140.94,2
140.95899,2
140.97999,2
141.0,2
141.02,2
141.03999,2
141.05999,2
141.08,2
141.1,2
141.11999,2
141.13999,2
141.16,2
141.179,2
141.19999,2
141.21899,2
141.24,2
141.259,2
141.27999,2
141.29899,2
141.32,2
141.33999,2
141.36,2
141.38,2
141.39999,2
141.41999,2
141.44,2
141.46,2
141.47999,2
141.5,2
141.51899,2
141.53999,2
141.559,2
141.58,2
141.59899,2
141.61999,2
141.63999,2
141.66,2
141.67999,2
141.69999,2
141.72,2
141.74,2
141.75999,2
141.77999,2
141.8,2
141.819,2
141.83999,2
141.85899,2
141.88,2
141.899,2
141.91999,2
141.93899,2
141.96,2
141.97999,2
142.0,2
142.02,2
142.03999,2
142.05999,2
142.08,2
142.1,2
142.11999,2
142.13999,2
142.15899,2
142.17999,2
142.199,2
142.22,2
142.23899,2
142.25999,2
142.27999,2
142.3,2
142.32,2
142.33999,2
142.36,2
142.38,2
142.39999,2
142.41999,2
142.44,2
142.45899,2
142.47999,2
142.49899,2
142.52,2
142.539,2
142.55999,2
142.57899,2
142.6,2
142.61999,2
142.63999,2
142.66,2
142.67999,2
142.69999,2
142.72,2
142.74,2
142.75999,2
142.77999,2
142.79899,2
142.82,2
142.839,2
142.86,2
142.87899,2
142.89999,2
142.91999,2
142.94,2
142.96,2
142.97999,2
143.0,2
143.02,2
143.03999,2
143.05999,2
143.08,2
143.09899,2
143.11999,2
143.139,2
143.16,2
143.179,2
143.19999,2
143.21899,2
143.24,2
143.25999,2
143.27999,2
143.3,2
143.32,2
143.33999,2
143.36,2
143.38,2
143.39999,2
143.41999,2
143.43899,2
143.46,2
143.479,2
143.5,2
143.51899,2
143.53999,2
143.55999,2
143.58,2
143.6,2
143.61999,2
143.63999,2
143.66,2
143.67999,2
143.69999,2
143.72,2
143.73899,2
143.75999,2
143.779,2
143.8,2
143.819,2
143.83999,2
143.85899,2
143.88,2
143.89999,2
143.91999,2
143.94,2
143.96,2
143.97999,2
144.0,2
144.02,2
144.03999,2
144.05999,2
144.07899,2
144.1,2
144.119,2
144.13999,2
144.15899,2
144.17999,2
144.19999,2
144.22,2
144.24,2
144.25999,2
144.27999,2
144.3,2
144.32,2
144.33999,2
144.36,2
144.37899,2
144.39999,2
144.419,2
144.44,2
144.45899,2
144.47999,2
144.49899,2
144.52,2
144.53999,2
144.55999,2
144.58,2
144.6,2
144.61999,2
144.63999,2
144.66,2
144.67999,2
144.69999,2
144.71899,2
144.74,2
144.759,2
144.77999,2
144.79899,2
144.82,2
144.83999,2
144.86,2
144.88,2
144.89999,2
144.91999,2
144.94,2
144.96,2
144.97999,2
145.0,2
145.01899,2
145.03999,2
145.059,2
145.08,2
145.09899,2
145.11999,2
145.139,2
145.16,2
145.17999,2
145.19999,2
145.22,2
145.24,2
145.25999,2
145.27999,2
145.3,2
145.32,2
145.33999,2
145.35899,2
145.38,2
145.399,2
145.41999,2
145.43899,2
145.46,2
145.47999,2
145.5,2
145.52,2
145.53999,2
145.55999,2
145.58,2
145.6,2
145.61999,2
145.63999,2
145.65899,2
145.67999,2
145.699,2
145.72,2
145.73899,2
145.75999,2
145.779,2
145.8,2
145.82,2
145.83999,2
145.86,2
145.88,2
145.89999,2
145.91999,2
145.94,2
145.96,2
145.97999,2
145.99899,2
146.02,2
146.039,2
146.05999,2
146.07899,2
146.1,2
146.11999,2
146.13999,2
146.16,2
146.17999,2
146.19999,2
146.22,2
146.24,2
146.25999,2
146.27999,2
146.29899,2
146.32,2
146.339,2
146.36,2
146.37899,2
146.39999,2
146.419,2
146.44,2
146.46,2
146.47999,2
146.5,2
146.52,2
146.53999,2
146.55999,2
146.58,2
146.6,2
146.61999,2
146.639,2
146.66,2
146.679,2
146.69999,2
146.71899,2
146.74,2
146.75999,2
146.77999,2
146.8,2
146.82,2
146.83999,2
146.86,2
146.88,2
146.89999,2
146.91999,2
146.93899,2
146.96,2
146.979,2
147.0,2
147.01899,2
147.03999,2
147.059,2
147.08,2
147.1,2
147.11999,2
147.13999,2
147.16,2
147.17999,2
147.19999,2
147.22,2
147.24,2
147.25999,2
147.279,2
147.3,2
147.319,2
147.33999,2
147.35899,2
147.38,2
147.39999,2
147.41999,2
147.44,2
147.46,2
147.47999,2
147.5,2
147.52,2
147.53999,2
147.55999,2
147.57899,2
147.6,2
147.619,2
147.63999,2
147.65899,2
147.67999,2
147.699,2
147.72,2
147.74,2
147.75999,2
147.77999,2
147.8,2
147.82,2
147.83999,2
147.86,2
147.88,2
147.89999,2
147.919,2
147.94,2
147.95899,2
147.97999,2
147.99899,2
148.02,2
148.03999,2
148.05999,2
148.08,2
148.1,2
148.11999,2
148.13999,2
148.16,2
148.17999,2
148.19999,2
148.21899,2
148.24,2
148.259,2
148.27999,2
148.29899,2
148.32,2
148.339,2
148.36,2
148.38,2
148.39999,2
148.41999,2
148.44,2
148.46,2
148.47999,2
148.5,2
148.52,2
148.53999,2
148.559,2
148.58,2
148.59899,2
148.61999,2
148.639,2
148.66,2
148.67999,2
148.69999,2
148.72,2
148.74,2
148.75999,2
148.77999,2
148.8,2
148.82,2
148.83999,2
148.85899,2
148.88,2
148.899,2
148.91999,2
148.93899,2
148.96,2
148.979,2
149.0,2
149.02,2
149.03999,2
149.05999,2
149.08,2
149.1,2
149.11999,2
149.13999,2
149.16,2
149.17999,2
149.199,2
149.22,2
149.23899,2
149.25999,2
149.279,2
149.3,2
149.32,2
149.33999,2
149.36,2
149.38,2
149.39999,2
149.41999,2
149.44,2
149.46,2
149.47999,2
149.49899,2
149.52,2
149.539,2
149.55999,2
149.57899,2
149.6,2
149.619,2
149.63999,2
149.66,2
149.67999,2
149.69999,2
149.72,2
149.74,2
149.75999,2
149.77999,2
149.8,2
149.82,2
149.839,2
149.86,2
149.87899,2
149.89999,2
149.919,2
149.94,2
149.96,2
149.97999,2
150.0,2
150.02,2
150.03999,2
150.05999,2
150.08,2
150.1,2
150.11999,2
150.139,2
150.16,2
150.179,2
150.19999,2
150.21899,2
150.24,2
150.259,2
150.27999,2
150.3,2
150.32,2
150.33999,2
150.36,2
150.38,2
150.39999,2
150.41999,2
150.44,2
150.46,2
150.479,2
150.5,2
150.51899,2
150.53999,2
150.559,2
150.58,2
150.6,2
150.61999,2
150.63999,2
150.66,2
150.67999,2
150.69999,2
150.72,2
150.74,2
150.75999,2
150.779,2
150.8,2
150.819,2
150.83999,2
150.85899,2
150.88,2
150.899,2
150.91999,2
150.94,2
150.96,2
150.97999,2
151.0,2
151.02,2
151.03999,2
151.05999,2
151.08,2
151.1,2
151.119,2
151.13999,2
151.15899,2
151.17999,2
151.199,2
151.22,2
151.24,2
151.25999,2
151.27999,2
151.3,2
151.32,2
151.33999,2
151.36,2
151.38,2
151.39999,2
151.419,2
151.44,2
151.45899,2
151.47999,2
151.49899,2
151.52,2
151.539,2
151.55999,2
151.58,2
151.6,2
151.61999,2
151.63999,2
151.66,2
151.67999,2
151.69999,2
151.72,2
151.74,2
151.759,2
151.77999,2
151.79899,2
151.82,2
151.839,2
151.86,2
151.88,2
151.89999,2
151.91999,2
151.94,2
151.96,2
151.97999,2
152.0,2
152.02,2
152.03999,2
152.059,2
152.08,2
152.09899,2
152.11999,2
152.139,2
152.16,2
152.179,2
152.19999,2
152.22,2
152.24,2
152.25999,2
152.27999,2
152.3,2
152.32,2
152.33999,2
152.36,2
152.38,2
152.399,2
152.41999,2
152.43899,2
152.46,2
152.479,2
152.5,2
152.52,2
152.53999,2
152.55999,2
152.58,2
152.6,2
152.61999,2
152.63999,2
152.66,2
152.67999,2
152.699,2
152.72,2
152.73899,2
152.75999,2
152.779,2
152.8,2
152.819,2
152.83999,2
152.86,2
152.88,2
152.89999,2
152.91999,2
152.94,2
152.96,2
152.97999,2
153.0,2
153.02,2
153.039,2
153.05999,2
153.07899,2
153.1,2
153.119,2
153.13999,2
153.16,2
153.17999,2
153.19999,2
153.22,2
153.24,2
153.25999,2
153.27999,2
153.3,2
153.32,2
153.339,2
153.36,2
153.37899,2
153.39999,2
153.419,2
153.44,2
153.45899,2
153.47999,2
153.5,2
153.52,2
153.53999,2
153.55999,2
153.58,2
153.6,2
153.61999,2
153.63999,2
153.66,2
153.679,2
153.69999,2
153.71899,2
153.74,2
153.759,2
153.77999,2
153.8,2
153.82,2
153.83999,2
153.86,2
153.88,2
153.89999,2
153.91999,2
153.94,2
153.96,2
153.979,2
154.0,2
154.01899,2
154.03999,2
154.059,2
154.08,2
154.09899,2
154.11999,2
154.13999,2
154.16,2
154.17999,2
154.19999,2
154.22,2
154.24,2
154.25999,2
154.27999,2
154.3,2
154.319,2
154.33999,2
154.35899,2
154.38,2
154.399,2
154.41999,2
154.44,2
154.46,2
154.47999,2
154.5,2
154.52,2
154.53999,2
154.55999,2
154.58,2
154.6,2
154.619,2
154.63999,2
154.65899,2
154.67999,2
154.699,2
154.72,2
154.73899,2
154.75999,2
154.77999,2
154.8,2
154.82,2
154.83999,2
154.86,2
154.88,2
154.89999,2
154.91999,2
154.94,2
154.95899,2
154.97999,2
154.99899,2
155.02,2
155.039,2
155.05999,2
155.08,2
155.1,2
155.11999,2
155.13999,2
155.16,2
155.17999,2
155.19999,2
155.22,2
155.24,2
155.259,2
155.27999,2
155.29899,2
155.32,2
155.339,2
155.36,2
155.37899,2
155.39999,2
155.41999,2
155.44,2
155.46,2
155.47999,2
155.5,2
155.52,2
155.53999,2
155.55999,2
155.58,2
155.59899,2
155.61999,2
155.639,2
155.66,2
155.679,2
155.69999,2
155.72,2
155.74,2
155.75999,2
155.77999,2
155.8,2
155.82,2
155.83999,2
155.86,2
155.88,2
155.899,2
155.91999,2
155.93899,2
155.96,2
155.979,2
156.0,2
156.01899,2
156.03999,2
156.05999,2
156.08,2
156.1,2
156.11999,2
156.13999,2
156.16,2
156.17999,2
156.19999,2
156.22,2
156.23899,2
156.25999,2
156.279,2
156.3,2
156.319,2
156.33999,2
156.36,2
156.38,2
156.39999,2
156.41999,2
156.44,2
156.46,2
156.47999,2
156.5,2
156.52,2
156.539,2
156.55999,2
156.57899,2
156.6,2
156.619,2
156.63999,2
156.65899,2
156.67999,2
156.69999,2
156.72,2
156.74,2
156.75999,2
156.77999,2
156.8,2
156.82,2
156.83999,2
156.86,2
156.87899,2
156.89999,2
156.919,2
156.94,2
156.95899,2
156.97999,2
157.0,2
157.02,2
157.03999,2
157.05999,2
157.08,2
157.1,2
157.11999,2
157.13999,2
157.16,2
157.179,2
157.19999,2
157.21899,2
157.24,2
157.259,2
157.27999,2
157.29899,2
157.32,2
157.33999,2
157.36,2
157.38,2
157.39999,2
157.41999,2
157.44,2
157.46,2
157.47999,2
157.5,2
157.51899,2
157.53999,2
157.559,2
157.58,2
157.59899,2
157.61999,2
157.63999,2
157.66,2
157.67999,2
157.69999,2
157.72,2
157.74,2
157.75999,2
157.77999,2
157.8,2
157.819,2
157.83999,2
157.85899,2
157.88,2
157.899,2
157.91999,2
157.93899,2
157.96,2
157.97999,2
158.0,2
158.02,2
158.03999,2
158.05999,2
158.08,2
158.1,2
158.11999,2
158.13999,2
158.15899,2
158.17999,2
158.199,2
158.22,2
158.23899,2
158.25999,2
158.27999,2
158.3,2
158.32,2
158.33999,2
158.36,2
158.38,2
158.39999,2
158.41999,2
158.44,2
158.45899,2
158.47999,2
158.49899,2
158.52,2
158.539,2
158.55999,2
158.57899,2
158.6,2
158.61999,2
158.63999,2
158.66,2
158.67999,2
158.69999,2
158.72,2
158.74,2
158.75999,2
158.77999,2
158.79899,2
158.82,2
158.839,2
158.86,2
158.87899,2
158.89999,2
158.91999,2
158.94,2
158.96,2
158.97999,2
159.0,2
159.02,2
159.03999,2
159.05999,2
159.08,2
159.09899,2
159.11999,2
159.139,2
159.16,2
159.179,2
159.19999,2
159.21899,2
159.24,2
159.25999,2
159.27999,2
159.3,2
159.32,2
159.33999,2
159.36,2
159.38,2
159.39999,2
159.41999,2
159.43899,2
159.46,2
159.479,2
159.5,2
159.51899,2
159.53999,2
159.55999,2
159.58,2
159.6,2
159.61999,2
159.63999,2
159.66,2
159.67999,2
159.69999,2
159.72,2
159.73899,2
159.75999,2
159.779,2
159.8,2
159.819,2
159.83999,2
159.85899,2
159.88,2
159.89999,2
159.91999,2
159.94,2
159.96,2
159.97999,2
160.0,2
160.02,2
160.03999,2
160.05999,2
160.07899,2
160.1,2
160.119,2
160.13999,2
160.15899,2
160.17999,2
160.19999,2
160.22,2
160.24,2
160.25999,2
160.27999,2
160.3,2
160.32,2
160.33999,2
160.36,2
160.37899,2
160.39999,2
160.419,2
160.44,2
160.45899,2
160.47999,2
160.49899,2
160.52,2
160.53999,2
160.55999,2
160.58,2
160.6,2
160.61999,2
160.63999,2
160.66,2
160.67999,2
160.69999,2
160.71899,2
160.74,2
160.759,2
160.77999,2
160.79899,2
160.82,2
160.83999,2
160.86,2
160.88,2
160.89999,2
160.91999,2
160.94,2
160.96,2
160.97999,2
161.0,2
161.01899,2
161.03999,2
161.059,2
161.08,2
161.09899,2
161.11999,2
161.139,2
161.16,2
161.17999,2
161.19999,2
161.22,2
161.24,2
161.25999,2
161.27999,2
161.3,2
161.32,2
161.33999,2
161.35899,2
161.38,2
161.399,2
161.41999,2
161.43899,2
161.46,2
161.47999,2
161.5,2
161.52,2
161.53999,2
161.55999,2
161.58,2
161.6,2
161.61999,2
161.63999,2
161.65899,2
161.67999,2
161.699,2
161.72,2
161.73899,2
161.75999,2
161.779,2
161.8,2
161.82,2
161.83999,2
161.86,2
161.88,2
161.89999,2
161.91999,2
161.94,2
161.96,2
161.97999,2
161.99899,2
162.02,2
162.039,2
162.05999,2
162.07899,2
162.1,2
162.11999,2
162.13999,2
